training_step,episode_reward,average_reward,episode_length,completed_episodes,touches,policy_loss,value_loss,entropy,approx_kl,checkpoint_number,steps_per_second,gpu_peak_mib
1024,86.61096184757416,49.02850592451922,150.0,4,0,-0.017576835467480123,104.26891994476318,4.498846054077148,0.0009875062823994085,1,1006.4657561231337,19.7626953125
2048,109.50315291398078,57.93745648929838,150.0,8,2,-0.0006403297884389758,344.7738666534424,4.492994844913483,0.0006543030176544562,1,1287.8697696751224,19.7626953125
3072,-26.304033637970083,53.0288709470919,150.0,8,2,-0.014779978606384248,53.33116793632507,4.488590985536575,0.0013363721664063632,1,1438.100314394653,19.7626953125
4096,74.60887502697494,51.605609423438615,150.0,4,0,-0.0019689173786900938,348.60084533691406,4.481168866157532,0.0009337849478470162,1,1525.463414439555,19.7626953125
5120,213.86995984184693,59.39418570520702,150.0,8,5,-0.002744658093433827,315.52342891693115,4.475832492113113,0.00015396266826428473,1,1580.2425239887982,19.7626953125
6144,27.654982643299018,68.39605440672592,150.0,8,3,-0.0018870234489440918,461.94236755371094,4.4723745584487915,8.876733772922307e-05,1,1623.0664797774996,19.7626953125
7168,-6.014023030356999,70.32010853855273,150.0,4,3,-0.012882172013632953,142.4375138282776,4.470268785953522,0.0011456163047114387,1,1651.8005386116165,19.7626953125
8192,-0.2937847113642664,66.07395656879507,150.0,8,1,-0.007100160466507077,105.23060035705566,4.452669441699982,0.0014512322668451816,1,1676.5008970249066,19.7626953125
9216,68.05005458158483,61.3561667975009,150.0,8,0,-0.011501702247187495,117.28342199325562,4.4435208439826965,0.0016284141747746617,1,1697.1050198389717,19.7626953125
10240,16.008207641072175,63.63021447614839,150.0,8,3,-0.002438660303596407,160.59924602508545,4.4534308314323425,0.0007680295238969848,1,1708.2408960531704,19.7626953125
11264,-28.03119940404664,59.134711775447904,150.0,4,0,-0.010817490227054805,164.56286096572876,4.455892771482468,0.0009259042999474332,1,1517.2006903744536,19.7626953125
12288,24.6246506073391,64.50745379000587,149.7,8,3,-0.0026311432011425495,359.6244239807129,4.457571238279343,0.0008426776767009869,1,1338.2925815303347,19.7626953125
13312,71.69010786931828,64.85108562090308,149.72727272727272,8,4,-0.005073840438853949,160.1803765296936,4.4584702253341675,0.00021327078866306692,1,1231.1034817273016,19.7626953125
14336,46.942232507467466,62.67258404671452,149.74193548387098,5,1,-0.005508595786523074,235.4253330230713,4.45725080370903,0.00037926585355307907,1,1137.5753074247202,19.7626953125
15360,12.215634273466337,65.41202441422298,149.23,7,3,-0.009998109890148044,153.61938428878784,4.446130812168121,0.0012074238620698452,1,1071.9937535085064,19.7626953125
16384,114.14480043741992,68.4779833030533,149.23,8,1,-0.0016551138833165169,174.95869255065918,4.432679355144501,0.0006633295270148665,1,1021.2198820539752,19.7626953125
17408,27.96029659195441,64.7045845336511,149.23,8,0,-0.010313821374438703,86.93794536590576,4.429901421070099,0.0009335342328995466,1,974.9841023210671,19.7626953125
18432,10.348907523642703,66.76390734276475,149.05,5,2,-0.013191212783567607,217.53901863098145,4.414115399122238,0.0036456211673794314,1,938.4465705304732,19.7626953125
19456,93.24619617377729,62.886508365791094,149.05,7,0,-0.003937534871511161,217.73046779632568,4.4103595316410065,0.0008277198357973248,1,908.2000780971325,19.7626953125
20480,7.777454093292948,63.00022000230095,149.05,8,2,-0.0032196015818044543,295.5023431777954,4.400243550539017,0.00027539498114492744,1,882.4217333675647,19.7626953125
21504,58.13828828335197,61.84098669049221,149.05,6,3,-0.005297196796163917,111.41224813461304,4.413487672805786,0.00033873546635732055,1,863.9655817699352,19.7626953125
22528,153.11374416439187,65.04225219685829,149.05,6,1,-0.0013938736519776285,250.84469604492188,4.415464133024216,0.0003094755666097626,1,842.4531309241422,19.7626953125
23552,124.35284795006322,70.87226276729618,149.05,8,3,-0.0019814453553408384,245.9290542602539,4.421407371759415,6.944975757505745e-05,1,825.6534249114565,19.7626953125
24576,43.294578406870585,69.25404932863908,149.05,7,1,-0.016132325399667025,126.73557472229004,4.405968427658081,0.0035292403917992488,1,814.1251292944063,19.7626953125
25600,132.73996625484358,70.77975984654137,149.05,6,1,-0.003738884930498898,135.95678329467773,4.378319591283798,0.0008639198786113411,1,803.9360028361053,19.7626953125
26624,-37.68706736733089,68.55073071995517,149.29,7,0,-0.012915948871523142,350.5482864379883,4.364135444164276,0.0012103622721042484,1,793.8967754069226,19.7626953125
27648,40.324035016544435,68.11318373136784,149.29,8,5,-0.0093825648073107,123.7737021446228,4.346237123012543,0.0016643272538203746,1,784.769983018266,19.7626953125
28672,158.7768480550179,67.21896782754484,149.29,5,1,-0.00925286312121898,99.01601934432983,4.3329039216041565,0.0014170073700370267,1,770.3441655495922,19.7626953125
29696,-34.103529515441394,64.01926515585278,149.29,7,0,-0.008622778113931417,155.4190149307251,4.357782870531082,0.0010833191336132586,1,756.8128421505677,19.7626953125
30720,-6.36585179285516,65.69472060321897,149.82,8,2,-0.009568461100570858,78.75925397872925,4.364219009876251,0.0011621492740232497,1,736.6617551474859,19.7626953125
31744,-13.890729685038735,62.200618998723705,149.82,7,0,-0.01479346607811749,88.28496980667114,4.356345325708389,0.0026070337335113436,1,721.114320438785,19.7626953125
32768,103.7866733007095,62.250766899976114,149.82,5,1,-0.0038087236462160945,138.1443018913269,4.3538835644721985,0.00088217765733134,2,704.3926285885465,19.7626953125
33792,90.18018990291056,65.08256341029418,150.0,8,2,-0.00916728813899681,95.70731687545776,4.361034572124481,0.0011479935783427209,2,687.1239271426172,19.7626953125
34816,13.736963431124032,66.14042898980952,150.0,8,3,-0.002362273051403463,191.61077404022217,4.384867429733276,0.0007046172977425158,2,677.4956057343678,19.7626953125
35840,234.8448126334618,69.19667652873827,150.0,5,3,-0.0035751808900386095,325.4858331680298,4.362017959356308,0.00018104951595887542,2,665.6349683720382,19.7626953125
36864,88.60385644393767,68.13645284260116,150.0,7,2,-0.006150366039946675,279.2222595214844,4.359300255775452,0.0003974605642724782,2,653.7449443249709,19.7626953125
37888,88.78110879433707,62.770158217074275,150.0,8,3,-0.008049075782764703,161.91306018829346,4.343360781669617,0.0009697973146103323,2,643.6662883858451,19.7626953125
38912,19.593589195609024,62.664350659677204,150.0,6,1,-0.006293180922511965,80.77822208404541,4.338653147220612,0.0010785451449919492,2,636.0832691444426,19.7626953125
39936,56.45031442486712,63.493573886165656,150.0,6,0,-0.013496248400770128,70.38702630996704,4.336649715900421,0.0018153477285522968,2,627.0534751075685,19.7626953125
40960,-28.61214100017178,59.04833738641824,150.0,8,1,-0.003397685941308737,153.47751331329346,4.314933657646179,0.0009697780187707394,2,624.8839660568852,19.7626953125
41984,115.87700523604505,61.98309146111755,150.0,7,1,-0.005357537389500067,207.37085247039795,4.304222106933594,0.00038937861972954124,2,623.2993745182299,19.7626953125
43008,74.53302253376233,63.912519820934904,150.0,6,4,-0.01007909921463579,154.19953155517578,4.329733699560165,0.0009354705107398331,2,622.4124605375516,19.7626953125
44032,-29.146280200686316,63.03453547834255,150.0,7,1,-0.008051280863583088,323.4109706878662,4.316298454999924,0.000883377535501495,2,619.0404292709549,19.7626953125
45056,80.74690389111669,65.7828454396867,150.0,8,4,-0.003508211695589125,207.3106164932251,4.325048536062241,0.0004194993816781789,2,614.5793297787054,19.7626953125
46080,29.427752434591877,67.70283564754222,150.0,5,1,-0.004725185455754399,260.2586622238159,4.322467923164368,0.00031508247775491327,2,608.9799316412137,19.7626953125
47104,0.6550291405584909,70.09931459974435,150.0,7,2,-0.004164447833318263,84.58175849914551,4.330888152122498,0.0003789355541812256,2,605.9241964021503,19.7626953125
48128,27.91733387637384,68.07147804469741,150.0,8,0,-0.005323757184669375,125.8098497390747,4.307102352380753,0.0006634695455431938,2,602.6463318866794,19.7626953125
49152,131.52410986762013,69.06225844565928,150.0,7,1,-0.004674424068070948,180.0663080215454,4.295696556568146,0.0007789007504470646,2,599.6885682276651,19.7626953125
50176,54.282128159458885,69.47795100448532,150.0,5,3,-0.0034701416734606028,167.49090957641602,4.29561921954155,0.00041457040060777217,2,596.3610362385646,19.7626953125
51200,24.51272625426916,64.41055027607462,150.0,8,1,-0.0059436134761199355,104.95560550689697,4.288421213626862,0.00044744033948518336,2,590.8214507501533,19.7626953125
52224,65.81667331114372,63.65404886596963,150.0,8,0,-0.007686806842684746,172.43442583084106,4.277792006731033,0.0010794003901537508,2,587.6412159120621,19.7626953125
53248,-45.18108040097622,65.21596246475202,150.0,5,4,-0.006065616151317954,185.27870559692383,4.242881029844284,0.0008978942933026701,2,586.9390628865237,19.7626953125
54272,18.94363627846186,62.662959282480315,150.0,7,0,-0.005073731008451432,145.48570251464844,4.222110480070114,0.0005860666860826313,2,586.8095461986846,19.7626953125
55296,-2.32014916937648,61.684784921468605,150.0,8,1,-0.0055362877901643515,89.01728582382202,4.257637828588486,0.0009415148379048333,2,587.2172558491006,19.7626953125
56320,266.7052401230406,65.66429914590414,150.0,6,3,-0.0018830656772479415,364.5450143814087,4.3135746717453,0.0005038189701735973,2,586.9484857021704,19.7626953125
57344,-7.337929975694961,65.75991302461601,150.0,6,2,-0.005984803196042776,123.79257488250732,4.297764629125595,0.0004290304204914719,2,584.8822932743997,19.7626953125
58368,32.81778408080607,64.54942329335137,150.0,8,2,-0.0036399997188709676,165.5074586868286,4.3090231120586395,0.00030545821937266737,2,582.1964226232548,19.7626953125
59392,17.744295017307724,63.35252195600571,150.0,7,1,-0.007861613295972347,94.50113105773926,4.309842944145203,0.0008763506339164451,2,578.4978805381533,19.7626953125
60416,133.33444970874103,63.771613351009556,150.0,6,0,-0.006094655836932361,115.0838074684143,4.273242294788361,0.0007482286746380851,2,575.4660107625783,19.7626953125
61440,31.2395413810386,60.98407697643184,150.0,7,2,-0.007617331808432937,238.89659881591797,4.246590077877045,0.0010983677784679458,2,572.6230833111632,19.7626953125
62464,223.7145909606522,65.15808607967762,150.0,8,3,-0.004753799526952207,178.6232614517212,4.185813784599304,0.0012117790756747127,2,569.8599905159982,19.7626953125
63488,59.16396956595225,66.54764714916104,150.0,5,0,-0.005828796071000397,125.32055139541626,4.128817856311798,0.0007233469659695402,2,567.4596928385596,19.7626953125
64512,46.14739967385384,64.48189691833564,150.0,7,3,-0.005087588855531067,412.00646591186523,4.139496892690659,0.0005250064859865233,2,564.4176173194164,19.7626953125
65536,127.61909921630996,68.27220685975854,149.83,8,5,-0.01051182090304792,131.14264917373657,4.186020761728287,0.002488969767000526,3,561.0872622526613,19.7626953125
66560,17.60997507840233,67.57095286836967,149.83,7,0,-0.006319780950434506,114.49441051483154,4.193476498126984,0.0008637591963633895,3,557.6155575280127,19.7626953125
67584,145.23151314056972,69.35266545668854,149.83,5,3,-0.0030491718207485974,309.9832925796509,4.155041337013245,0.0011198983120266348,3,556.6631207451494,19.7626953125
68608,35.84762670707111,71.7252715665322,149.83,8,4,-0.003592692781239748,163.37550354003906,4.151194214820862,0.0002580018626758829,3,553.1943612034748,19.7626953125
69632,187.8904024246599,78.51255031374389,149.83,8,4,-0.002928313799202442,217.8932809829712,4.1123066842556,0.00028220153762958944,3,551.4116694247238,19.7626953125
70656,124.5046053914598,83.28027222294737,149.83,5,2,-0.0051041096448898315,292.6330623626709,4.116305381059647,0.0006174586451379582,3,548.8659147368763,19.7626953125
71680,-26.050267705936804,81.13860789427034,149.83,7,3,-0.004391379654407501,117.01860475540161,4.171549081802368,0.00041967383003793657,3,547.1195123985619,19.7626953125
72704,-13.32801282918489,79.78366708944134,149.83,8,0,-0.006190281710587442,63.71396255493164,4.127585589885712,0.001260892880964093,3,545.5208031109967,19.7626953125
73728,59.31517295076981,79.6437684751003,149.83,7,1,-0.0024810187169350684,147.38292598724365,4.135182082653046,0.0004744252801174298,3,543.3772394492457,19.7626953125
74752,174.08536973690792,81.7690176852697,149.83,5,2,-0.004628445720300078,164.54488563537598,4.059012591838837,0.00031589607533533126,3,541.1451120519222,19.7626953125
75776,156.48525138811982,81.76370022395203,149.7,8,2,-0.0050039023626595736,187.47523403167725,4.081154257059097,0.0008950793999247253,3,539.2798935429587,19.7626953125
76800,53.57821322807868,87.74688740508743,149.7,8,5,-0.0036267818650230765,273.7510595321655,4.117238909006119,0.00034451676765456796,3,537.4317497890273,19.7626953125
77824,192.93585064334655,87.74531023214716,149.7,5,1,-0.009075355832464993,141.3123025894165,4.146559447050095,0.001084276838810183,3,535.2671020218968,19.7626953125
78848,239.35747610941237,90.07191134914318,149.7,7,2,-0.004814252315554768,241.76025390625,4.080359041690826,0.0008127201872412115,3,531.0005914167032,19.7626953125
79872,74.8441322477329,89.92963432057542,149.7,8,3,-0.00656042859191075,143.30112028121948,4.134023159742355,0.0010048299736808985,3,528.0885033169191,19.7626953125
80896,50.77319723395226,88.10223402210589,149.87,6,0,-0.005128458811668679,371.8362102508545,4.207068026065826,0.0006982157210586593,3,525.799252285123,19.7626953125
81920,201.91555403630556,93.12873738736717,149.87,6,4,-0.013029152934905142,103.91773271560669,4.214183866977692,0.0012005275348201394,3,524.2981084675475,19.7626953125
82944,91.15619364162583,89.18142066991668,149.87,8,2,-0.003179472521878779,328.6696548461914,4.126605808734894,0.0007601307879667729,3,522.9563612347708,19.7626953125
83968,12.884257089346585,86.84346565723705,148.84,8,5,-0.0028968722908757627,121.80619764328003,4.214817225933075,0.0003354353830218315,3,522.1319517392405,19.7626953125
84992,21.130257315415555,81.07459223710772,148.84,6,1,-0.005820968886837363,78.79183292388916,4.179161995649338,0.000840462205815129,3,522.5584258368906,19.7626953125
86016,160.04211474844976,77.24005233369556,148.84,7,1,-0.006316960148978978,179.95938158035278,4.1482822597026825,0.0006450393266277388,3,522.6056041483147,19.7626953125
87040,23.938805738787863,78.35327199965478,148.84,7,0,-0.007711800106335431,113.01571416854858,4.157922029495239,0.0009984321222873405,3,523.1187870410341,19.7626953125
88064,76.4317555054456,81.95330661226322,148.62,7,1,-0.002565916394814849,116.52384281158447,4.101794421672821,0.0008061976404860616,3,523.514041827216,19.7626953125
89088,101.21736995442589,79.3341500781792,148.62,6,0,-0.007222098181955516,197.00366973876953,4.032225474715233,0.000773126826970838,3,522.9412936135417,19.7626953125
90112,110.99232183500472,80.19340890151847,148.62,8,4,-0.007215655990876257,158.8534803390503,3.9138524681329727,0.0015250964934239164,3,521.6222307353257,19.7626953125
91136,46.16740112486897,79.18359334701773,148.75,6,1,-0.007107983692549169,203.27907180786133,3.995214521884918,0.0006825141317676753,3,520.3492234148946,19.7626953125
92160,165.1514253715135,78.26600234307813,148.75,7,1,-0.004347673733718693,152.6043939590454,4.004516139626503,0.0010867592209251598,3,518.8500474177736,19.7626953125
93184,31.99483458339838,77.68395935645434,148.75,7,0,-0.007243474712595344,245.7674503326416,4.014471217989922,0.0008101761341094971,3,518.0539214820266,19.7626953125
94208,91.47462365333837,75.82985448163525,148.75,7,3,-0.01075990725075826,101.61668157577515,4.022524043917656,0.0014869986771373078,3,517.2761645887746,19.7626953125
95232,52.27953742493198,77.97953401816426,148.75,6,1,-0.006871865363791585,124.52453899383545,3.9937170892953873,0.001713248755550012,3,515.9098583651003,19.7626953125
96256,22.887804887508448,76.36400211314437,148.75,7,2,-0.008993349911179394,155.06359767913818,4.067109614610672,0.004063968037371524,3,515.3437258030384,19.7626953125
97280,70.06029785604268,79.994078258623,148.75,8,2,-0.011277599667664617,148.23205661773682,4.152960479259491,0.0011763228103518486,3,514.6153515964079,19.7626953125
98304,-21.56400945021816,76.53663182813426,149.78,6,0,-0.007592066191136837,128.74940156936646,4.093106687068939,0.0016231426416197792,4,513.8778751600272,19.7626953125
99328,73.2931338012744,77.11308850738072,149.78,7,0,-0.009335574053693563,155.78233098983765,4.086884796619415,0.0014321587659651414,4,512.6101810368742,19.7626953125
100352,30.91917340719702,82.7894198747325,149.61,7,3,-0.005610322579741478,281.37779426574707,4.164429575204849,0.0009084426710614935,4,511.68034597790006,19.7626953125
101376,13.79857054015055,84.01699679235415,149.61,7,3,-0.005588569329120219,216.14523124694824,4.169462710618973,0.0004580384702421725,4,511.1751272819209,19.7626953125
102400,103.41915318564219,86.32343440896813,149.61,6,2,-0.005827158456668258,153.11789512634277,4.123995542526245,0.0007100909715518355,4,510.67086442947516,19.7626953125
103424,71.69518271732412,85.50997555097723,149.83,7,1,-0.0074409093940630555,156.309983253479,4.115755587816238,0.0006938910373719409,4,510.8311972309747,19.7626953125
104448,170.08477078852792,89.21475745058159,149.83,8,6,-0.00558143958915025,239.72256183624268,4.141015499830246,0.0008265201031463221,4,510.25855184490166,19.7626953125
105472,37.688651805362895,88.01733607785464,149.83,6,1,-0.004929216345772147,111.21540451049805,4.159518301486969,0.0008553197549190372,4,509.86037489661436,19.7626953125
106496,264.40786609218026,89.95569610716268,148.98,7,2,-0.0025441523757763207,300.1765022277832,4.191846638917923,0.0002889019524445757,4,509.72918954374325,19.7626953125
107520,56.42931326933847,86.76098890940949,148.98,8,0,-0.0036546021001413465,378.3937702178955,4.188676714897156,0.00022234221978578717,4,509.3761353672532,19.7626953125
108544,0.8310238329611749,89.99418134531416,148.98,5,3,-0.005817603203468025,112.60359954833984,4.142319083213806,0.000525411349372007,4,508.8229689046288,19.7626953125
109568,124.11431804453215,88.04149412016803,148.98,8,2,-0.0016396257560700178,213.69560718536377,4.113657563924789,0.0004595213395077735,4,507.8999289322139,19.7626953125
110592,98.0176461014897,87.02713562185343,148.98,7,2,-0.004965089843608439,180.23827457427979,4.093423128128052,0.0002077259123325348,4,506.9201417597685,19.7626953125
111616,147.71292592232032,88.56441850012658,148.98,7,3,-0.0036348035209812224,286.0861711502075,4.1420325338840485,0.00027931616932619363,4,506.23413944863404,19.7626953125
112640,115.13904673832515,90.30099024182198,148.98,6,2,-0.008650677918922156,107.09624910354614,4.187098652124405,0.0007677253015572205,4,506.8374304198713,19.7626953125
113664,90.73640740877418,90.43159590870827,148.98,7,0,-0.005477252823766321,131.5076241493225,4.0835577845573425,0.0013789271179120988,4,507.500206895037,19.7626953125
114688,98.77771093202946,92.53825805836993,149.15,7,4,-0.0037630447186529636,300.3279266357422,4.113273918628693,0.0004511051665758714,4,507.867694149155,19.7626953125
115712,40.984287246126236,91.57689311113752,149.15,6,0,-0.008601466252002865,124.46966218948364,4.084190785884857,0.0010397125442977995,4,508.1400876262478,19.7626953125
116736,115.24537071675545,90.79546772175557,149.15,8,3,-0.004463178105652332,311.91628074645996,4.042742937803268,0.0017177400004584342,4,508.40618416299935,19.7626953125
117760,240.50829060187823,90.5516045039779,149.15,7,2,-0.010927376220934093,249.1319522857666,3.9650741666555405,0.002487325924448669,4,509.0627605484614,19.7626953125
118784,170.79271479909858,93.38190326266722,149.15,6,3,-0.005617141490802169,211.6229658126831,3.9461540132761,0.0008882569236448035,4,509.5087029517851,19.7626953125
119808,105.87295168069767,89.90181151280878,149.15,7,2,-0.00877423700876534,189.24239826202393,3.9748659431934357,0.0010695494274841622,4,509.62443274898453,19.7626953125
120832,7.4227135529174255,90.69796615666354,149.15,7,2,-0.003243218408897519,109.55545139312744,3.944084972143173,0.0009347498562419787,4,509.00303434787503,19.7626953125
121856,117.2123503975734,90.41314031181695,150.0,7,3,-0.005989384953863919,253.17967796325684,3.9887368828058243,0.0008979585691122338,4,508.19060599307664,19.7626953125
122880,13.823465113700061,88.94794595409782,150.0,6,2,-0.009722169488668442,64.13516402244568,4.0054082572460175,0.0014203999453457072,4,506.1769598679714,19.7626953125
123904,75.03658029887126,92.13807962012092,150.0,7,5,-0.0030477535910904408,388.6014919281006,3.93130025267601,0.0011745896772481501,4,506.1299977732896,19.7626953125
124928,87.3789861504645,91.53155915490737,150.0,8,3,-0.0069748864043504,200.6430368423462,3.9030951410531998,0.0006652182783000171,4,505.4478993881524,19.7626953125
125952,80.89537862316175,93.3924036212048,150.0,6,1,-0.008602587855421007,185.9402847290039,3.905950516462326,0.0015391763590741903,4,504.61820873858346,19.7626953125
126976,59.57528498855655,92.2884053956802,150.0,7,3,-0.00280414498411119,176.54461002349854,3.923583224415779,0.001119566906709224,4,503.92995215853165,19.7626953125
128000,118.20409767365356,90.97780697431821,149.48,7,4,-0.007704563962761313,173.05593156814575,3.968034878373146,0.0008364270906895399,4,502.57870660729225,19.7626953125
129024,62.360781861809144,93.23538459287448,149.48,7,0,-0.007251041242852807,211.3761167526245,3.9148804992437363,0.0016896412416826934,4,501.9630418193081,19.7626953125
130048,272.97892789277836,94.95924661040198,149.48,7,8,-0.0034241779940202832,350.7916145324707,3.9856757074594498,0.0010882000351557508,4,501.5519408844794,19.7626953125
131072,56.77741355874935,93.32933305526005,149.48,6,1,-0.006299141445197165,172.44475173950195,3.9621835947036743,0.0007360902818618342,5,501.11369969666185,19.7626953125
132096,5.648187394183035,91.92561001943163,149.48,7,2,-0.006201122654601932,606.9697303771973,3.9784710705280304,0.0012049948563799262,5,500.5568154588875,19.7626953125
133120,23.693772545230118,91.59665877572584,149.03,7,9,-0.010565814329311252,203.04438400268555,4.067462176084518,0.0010268147743772715,5,499.8207000244581,19.7626953125
134144,152.41871480206467,94.6871029582008,148.63,8,7,-0.006420461228117347,320.05268955230713,3.9439546018838882,0.001594670393387787,5,499.23085534404777,19.7626953125
135168,82.66144756192138,94.56997314262524,148.63,7,4,-0.006189298233948648,267.1865186691284,3.9345897138118744,0.0008603299065725878,5,498.63131572980564,19.7626953125
136192,71.62244485526806,97.64019655366775,148.63,6,1,-0.008529963786713779,169.9916009902954,3.976301982998848,0.0011907033767784014,5,498.3279524187145,19.7626953125
137216,89.24000464917528,96.12081889218751,148.63,7,1,-0.006003554561175406,83.7209587097168,3.997216060757637,0.0014577250403817743,5,497.75556571941405,19.7626953125
138240,32.29211120279896,97.2695743367345,148.63,7,1,-0.006775270448997617,211.94613790512085,4.026636511087418,0.0013045416271779686,5,497.6223557764068,19.7626953125
139264,105.27115947826066,92.1199839146426,148.63,6,2,-0.009202701039612293,73.19891548156738,4.054770529270172,0.001036461690091528,5,497.06364889028805,19.7626953125
140288,43.72974696288939,90.58314345750472,148.63,7,1,-0.006854660692624748,350.08902072906494,4.055684477090836,0.0012156056327512488,5,496.4924901422106,19.7626953125
141312,173.3387904785093,93.83866821425973,148.63,8,11,-0.0037464083870872855,362.5881538391113,4.1155522763729095,0.001523483093478717,5,495.69468512026197,19.7626953125
142336,27.364765796081436,93.18741918805782,149.15,7,2,-0.0035597895039245486,135.13682508468628,4.085016816854477,0.00044122504186816514,5,495.304351302226,19.7626953125
143360,60.50699893994974,89.98683062225813,149.15,6,0,-0.005587567749898881,136.8335771560669,4.105826675891876,0.0004972620081389323,5,495.2407926368877,19.7626953125
144384,178.90845929782714,89.02263976277789,149.15,7,3,-0.005864790116902441,216.985520362854,4.100738167762756,0.0008066393929766491,5,494.88067341414364,19.7626953125
145408,121.48653717210287,87.87828344933449,149.15,7,3,-0.011134016851428896,119.64184808731079,4.132893621921539,0.0013712811778532341,5,494.5065351378233,19.7626953125
146432,283.2769515293125,89.02596609352297,149.15,6,3,-0.003994493919890374,204.4716739654541,4.108281195163727,0.0006536245928145945,5,493.48642538237607,19.7626953125
147456,23.760933649811168,85.978756688652,149.6,7,1,-0.008018821477890015,136.2296018600464,4.069070100784302,0.0011195210681762546,5,492.8088622368059,19.7626953125
148480,89.31714628750265,84.3525648004683,149.6,8,2,-0.007244039967190474,228.9502296447754,4.072947055101395,0.0009226295514963567,5,492.2503030383124,19.7626953125
149504,88.05393286061559,83.01627612963397,150.0,5,3,-0.00837808649521321,266.0714235305786,4.061809420585632,0.0011942030541831627,5,491.89898868348047,19.7626953125
150528,62.41517783205782,84.10867332231528,149.89,7,6,-0.006225765449926257,192.85333347320557,4.083372622728348,0.0016139081853907555,5,491.9959794819535,19.7626953125
151552,72.3078425792005,83.55739443908905,149.89,8,2,-0.005852651200257242,101.81204080581665,4.089395970106125,0.000714678899385035,5,492.69679890041004,19.7626953125
152576,22.678839215700954,82.18486181903087,149.89,7,0,-0.004713399219326675,112.39975929260254,4.084118604660034,0.0006847380864201114,5,493.3276164329651,19.7626953125
153600,141.23698775137458,82.34107767666715,149.89,6,2,-0.007488566800020635,157.71043157577515,4.141051679849625,0.0008429718727711588,5,494.0081815202806,19.7626953125
154624,6.343119266371081,82.1167768268027,149.89,7,2,-0.008277218323200941,154.88511276245117,4.125723123550415,0.0009050876542460173,5,494.5670213130921,19.7626953125
155648,25.232463533159873,76.3750125940996,149.89,8,1,-0.0026525483117438853,83.98010158538818,4.074497938156128,0.0005072722124168649,5,495.3799233966204,19.7626953125
156672,75.60437188283738,74.80431854994112,149.89,5,1,-0.004025003145216033,186.0440845489502,4.103324323892593,0.00041833866271190345,5,496.02285454677025,19.7626953125
157696,127.98590425101467,77.79600525402451,149.89,7,2,-0.006332852877676487,149.00571966171265,4.109577506780624,0.0005239052115939558,5,496.7383324332414,19.7626953125
158720,130.59002442413367,83.39791540039796,149.89,8,1,-0.008262167742941529,232.73504638671875,4.079081982374191,0.0013594124466180801,5,497.5911153881194,19.7626953125
159744,73.71371047858818,82.68031981032976,149.88,7,6,-0.010095221223309636,122.30361318588257,4.023940995335579,0.002216558248619549,5,498.29278153436434,19.7626953125
160768,86.7715180657005,82.53663046872815,149.88,6,1,-0.008494256297126412,129.0673704147339,3.9304807782173157,0.0023239847796503454,5,498.912555400065,19.7626953125
161792,104.49743155667446,80.07273306464036,149.88,7,1,-0.008101818501017988,140.08003759384155,3.942949280142784,0.0008310693228850141,5,499.5168997413263,19.7626953125
162816,187.33377709639606,80.1196157132155,149.88,8,4,-0.006531227729283273,169.1159553527832,3.9827633798122406,0.0009169066324830055,5,499.5575127049938,19.7626953125
163840,-25.18477597523316,78.74948825646509,149.88,5,0,-0.007511004456318915,124.96699905395508,3.9727878272533417,0.0014843317912891507,6,499.6103699304777,19.7626953125
164864,31.24899309092067,74.96608097957399,149.99,7,3,-0.006669112510280684,130.11048555374146,3.9534117728471756,0.0013281212304718792,6,499.82962699106224,19.7626953125
165888,158.83138740387906,73.84950821507134,149.56,8,5,-0.008515356108546257,208.86138916015625,3.939241901040077,0.0022639153321506456,6,500.13302239570544,19.7626953125
166912,148.08125630631707,73.9943743942945,149.56,6,2,-0.005944675824139267,178.36217212677002,3.8882027715444565,0.0010283937153872102,6,500.42317316403637,19.7626953125
167936,-9.79788377766053,74.41096467647344,149.56,6,2,-0.007170186727307737,195.27775192260742,3.908664509654045,0.001169916198705323,6,500.65139177321345,19.7626953125
168960,129.29238893448843,75.41238206009656,149.56,8,2,-0.00907854043180123,127.21064615249634,3.850479617714882,0.0023814719752408564,6,501.0637670369009,19.7626953125
169984,123.92071668650674,74.89300029487762,149.56,7,5,-0.010148521047085524,127.42045783996582,3.83777391910553,0.001436785125406459,6,501.6906843840881,19.7626953125
171008,58.39651925430175,77.90294325293364,149.56,7,4,-0.0049280328676104546,229.95459461212158,3.7790049016475677,0.0012463707535061985,6,502.12242151243345,19.7626953125
172032,122.81758691677044,78.03713349518036,149.56,6,3,-0.007107773970346898,156.0917673110962,3.743524730205536,0.0009779967367649078,6,503.5780609913357,19.7626953125
173056,418.695084834783,82.00247346125202,149.56,8,8,-0.00221812492236495,568.7354221343994,3.7322585433721542,0.000978925178060308,6,505.5674970599714,19.7626953125
174080,67.3358181024052,84.05346572288394,149.44,6,4,-0.00689608562970534,195.24326133728027,3.8029894530773163,0.0008383509266423061,6,507.6774740673054,19.7626953125
175104,102.60783836916134,83.16913486227674,149.45,6,3,-0.003268559172283858,252.45022296905518,3.686783254146576,0.0009311031317338347,6,509.71638979409596,19.7626953125
176128,88.97459761871276,82.7810175139352,149.45,8,3,-0.00652561872266233,158.0461769104004,3.712291195988655,0.001177110621938482,6,511.71648259022993,19.7626953125
177152,118.47618213523714,84.07545893748853,149.45,7,1,-0.008822704199701548,107.02033042907715,3.6818790435791016,0.0019492146966513246,6,512.7465908976624,19.7626953125
178176,82.98890668848632,82.57780007801377,149.45,7,1,-0.005838237673742697,151.45127248764038,3.6553435623645782,0.0015441078576259315,6,513.1437066371187,19.7626953125
179200,56.66329874849458,85.95573703004762,148.93,7,4,-0.004998660762794316,199.68678951263428,3.6944397389888763,0.0008577638072893023,6,513.6195442664113,19.7626953125
180224,101.10379351722513,87.99160833441107,148.93,7,2,-0.0077034992864355445,102.24716329574585,3.683914437890053,0.001156764876213856,6,514.0654734505501,19.7626953125
181248,63.395326639185534,87.44896993908412,149.36,6,1,-0.008144648047164083,141.71260595321655,3.707752838730812,0.0018089519289787859,6,514.372101194417,19.7626953125
182272,109.05047138406599,89.29912636621222,149.36,7,4,-0.002338585793040693,253.49523639678955,3.6796429455280304,0.0014142734289634973,6,514.0297856564581,19.7626953125
183296,128.62422696324475,90.52127651718313,149.36,7,3,-0.008536331995856017,95.31977415084839,3.5752323865890503,0.002777109111775644,6,513.4356151722428,19.7626953125
184320,88.72870507742412,93.10031084394002,149.01,7,2,-0.00755906302947551,206.82894706726074,3.589118406176567,0.0025448120723012835,6,512.4664951186974,19.7626953125
185344,84.2581181552584,94.9830945841939,149.01,7,3,-0.006623682798817754,114.21142244338989,3.739327371120453,0.0015850313502596691,6,512.0550487466886,19.7626953125
186368,146.93372101777285,95.92760256499189,149.01,7,3,-0.007225573936011642,226.31257152557373,3.733721449971199,0.0011077150265919045,6,511.743976737814,19.7626953125
187392,177.23866462814442,96.8497462827488,148.89,7,5,-0.008798359835054725,219.29538440704346,3.7815472930669785,0.001185497167170979,6,511.16151035068384,19.7626953125
188416,139.82014789814542,91.50129794916819,148.89,6,1,-0.0051266750087961555,193.32598304748535,3.6977740675210953,0.0008842039969749749,6,510.94768366835143,19.7626953125
189440,212.7127748352355,94.47496294623292,149.01,8,7,-0.00751157765625976,197.08735418319702,3.690431088209152,0.0017294625286012888,6,510.5035512818347,19.7626953125
190464,42.06059736233677,93.55078580155734,149.01,6,3,-0.006704408675432205,334.25009632110596,3.766937702894211,0.001885593999759294,6,510.2826600310936,19.7626953125
191488,78.92866329936231,94.91360225780052,149.01,6,4,-0.010306576150469482,146.27799081802368,3.8107973635196686,0.0028317526302998886,6,510.3622683592191,19.7626953125
192512,378.7789477342689,100.53675342140285,149.01,8,9,-0.00571550230961293,635.0103759765625,3.8770558685064316,0.0012011066573904827,6,510.7381262389716,19.7626953125
193536,99.44056831856572,98.44589253972038,149.53,7,4,-0.004661189625039697,175.03216457366943,3.8961210548877716,0.0007095267646946013,6,510.68551089651487,19.7626953125
194560,67.41577218860522,100.47867895229169,149.53,7,3,-0.003247313667088747,222.40213584899902,3.942804828286171,0.0003084046329604462,6,510.1889002932175,19.7626953125
195584,349.1494871129145,105.42708997908122,148.7,6,9,-0.00511079013813287,476.0206470489502,3.9497049748897552,0.0003902203607140109,6,510.1312841419508,19.7626953125
196608,104.51578788618824,106.22669182378975,148.7,8,3,-0.005876572511624545,227.13551330566406,3.9560964703559875,0.000548803698620759,7,510.4331630639012,19.7626953125
197632,0.1361809576821258,104.16081358391419,148.7,7,3,-0.008142935344949365,162.0958766937256,3.999604895710945,0.0011733422143151984,7,510.4953701779869,19.7626953125
198656,121.41262992172257,105.40038458181353,149.05,5,4,-0.01217293634545058,170.53139114379883,3.986060217022896,0.0018390240875305608,7,510.3922637114811,19.7626953125
199680,184.039896201691,104.11729941405765,149.05,8,2,-0.007832154631614685,157.8304271697998,3.995312750339508,0.0011079828400397673,7,510.18391310675423,19.7626953125
200704,199.88224057369786,104.69575207028082,149.05,8,3,-0.007148815435357392,255.2179660797119,4.036301255226135,0.0008670214738231152,7,510.18526126437246,19.7626953125
201728,81.34913145294826,106.09907641980934,149.09,7,4,-0.0068075877497904,227.0551347732544,3.977629855275154,0.0006984180799918249,7,509.71107153940613,19.7626953125
202752,134.89246777553902,104.97693963671065,149.09,5,0,-0.013352837006095797,160.37288093566895,3.943576082587242,0.0026440701039973646,7,508.98126412650515,19.7626953125
203776,42.54511750040212,103.89185324225053,148.59,8,4,-0.010201506549492478,186.40081596374512,3.9608561992645264,0.002198376037995331,7,508.7520150315664,19.7626953125
204800,52.723192148096786,100.09693739228305,148.59,8,2,-0.009489287156611681,125.33098077774048,4.004353553056717,0.0011001615202985704,7,508.2429562539015,19.7626953125
205824,127.91175029665769,100.77735808594393,148.59,4,1,-0.0075977122178301215,159.69191551208496,3.977582275867462,0.0013998702488606796,7,507.92780531573015,19.7626953125
206848,176.93744207709335,101.08559942564185,148.59,8,4,-0.010436033015139401,180.0371971130371,3.950177028775215,0.0010309524077456445,7,507.46755728044525,19.7626953125
207872,32.656032695386465,102.3039321769514,148.59,8,6,-0.005776177567895502,257.9180030822754,3.9970878213644028,0.0010623292910167947,7,506.95892556057186,19.7626953125
208896,183.26328221364943,102.92883481080551,148.59,6,1,-0.010910055600106716,174.97522163391113,3.967728242278099,0.001920598471770063,7,506.82783326566084,19.7626953125
209920,155.655435249809,103.57695112191968,148.59,6,4,-0.006388116831658408,216.3742561340332,4.028890430927277,0.0015405347512569278,7,506.64272302236077,19.7626953125
210944,19.312400798450966,102.47527521296503,149.42,8,4,-0.006337214028462768,212.40460777282715,3.8905994594097137,0.0011265586508670822,7,506.32266953178436,19.7626953125
211968,0.480131855104863,101.3734307959073,149.42,8,3,-0.013541075750254095,144.66182613372803,3.949677973985672,0.003524805579218082,7,505.9460146049417,19.7626953125
212992,117.93862647784312,103.91097359355041,149.42,4,3,-0.005840700585395098,285.23544788360596,4.016747772693634,0.0010976689663948491,7,505.7275461008602,19.7626953125
214016,53.39733289476967,102.87270627641843,149.42,8,4,-0.005825846164952964,163.8989315032959,3.954234153032303,0.0007345670455833897,7,505.53973278971733,19.7626953125
215040,191.99452933362167,105.81085163250813,149.42,8,5,-0.0020162714063189924,296.6050748825073,4.052171438932419,0.00030548566428478807,7,505.09577881397774,19.7626953125
216064,42.94421428061363,106.73168880294088,149.42,4,2,-0.006328902556560934,333.40957832336426,4.0484941601753235,0.0005411178572103381,7,504.92117951231245,19.7626953125
217088,187.93353283167255,110.05509522511714,149.5,8,5,-0.009377459762617946,237.43784999847412,3.9975954741239548,0.0023426965926773846,7,504.83015061917007,19.7626953125
218112,140.8308397765296,111.49462177310643,149.86,8,4,-0.006228514539543539,238.61801147460938,4.065890848636627,0.0008890209428500384,7,504.79433646925986,19.7626953125
219136,197.6610465421224,110.68288101921206,149.86,8,4,-0.011292526964098215,232.01507377624512,4.021863132715225,0.0011255266144871712,7,504.58359158396405,19.7626953125
220160,98.49375819896707,111.00574606487412,149.86,4,1,-0.007847408967791125,99.95774364471436,3.9425834715366364,0.001461670224671252,7,504.440281042172,19.7626953125
221184,69.17530750798294,111.93775184688275,149.86,8,4,-0.008815167471766472,208.42892456054688,4.028446912765503,0.0013236086815595627,7,504.4952881999102,19.7626953125
222208,11.685926055916207,109.44874755646326,149.86,8,3,-0.012150012596976012,135.72258806228638,3.948284149169922,0.002184020253480412,7,504.48067142124034,19.7626953125
223232,101.01415272449022,108.40646217920563,149.86,4,0,-0.008758830896113068,136.69637489318848,3.970920756459236,0.0010648129391483963,7,504.3049982210794,19.7626953125
224256,117.92200928542653,106.76419889232312,149.86,8,3,-0.006030935241142288,260.39251613616943,3.9526105374097824,0.0007522036612499505,7,504.01917420766904,19.7626953125
225280,105.50390160917902,107.45716406987805,149.86,8,5,-0.005098765715956688,184.7159938812256,3.9686456620693207,0.0004628605383913964,7,503.7274369100971,19.7626953125
226304,81.53022399119565,108.03575951879684,149.86,6,3,-0.011256885481998324,100.21670866012573,4.0286968648433685,0.001515604482847266,7,503.28120782235817,19.7626953125
227328,33.199449334649906,107.69242653596704,149.86,6,1,-0.004742298449855298,117.242844581604,3.969017192721367,0.0014528605970554054,7,502.9638457954028,19.7626953125
228352,-5.480946685851602,106.45161707065218,149.86,8,6,-0.003251651593018323,480.4475345611572,3.977395638823509,0.0004499872447922826,7,502.83182472313933,19.7626953125
229376,188.77134482537434,110.51961278234576,149.23,8,5,-0.0068537453189492226,328.0906677246094,4.0028937458992,0.0006770412146579474,8,502.4890917295476,19.7626953125
230400,39.2774278313619,107.76881624041705,149.23,6,4,-0.009307242522481829,166.58147144317627,4.022164553403854,0.0010016115702455863,8,502.2313109357484,19.7626953125
231424,141.33153747658693,106.77404426145425,149.05,6,2,-0.01058196963276714,167.1248722076416,3.945013552904129,0.0027241417265031487,8,502.0283636645435,19.7626953125
232448,62.056507010810506,100.64349354788959,149.19,8,2,-0.0032393467845395207,146.38270950317383,3.9025023728609085,0.0007989955483935773,8,501.94460562918425,19.7626953125
233472,147.27970486869435,102.4276069404243,149.19,7,1,-0.004140050907153636,289.2928981781006,3.927271246910095,0.000721319462172687,8,501.59077236583806,19.7626953125
234496,80.1856833561934,103.79686793853723,149.19,6,4,-0.006297390442341566,151.98348188400269,3.962940827012062,0.0007521854131482542,8,501.450893253489,19.7626953125
235520,130.8512958686962,110.99383026390205,149.19,7,8,-0.0020965957082808018,753.1979179382324,3.984504520893097,0.00044129906746093184,8,501.2566803149564,19.7626953125
236544,67.32824912759591,111.19310796427973,149.19,8,4,-0.005580384167842567,230.94637203216553,3.9494604021310806,0.00031932485580909997,8,500.9212208797039,19.7626953125
237568,95.91116588221776,110.96126802829056,149.19,5,2,-0.010250507504679263,109.00837087631226,3.9259612560272217,0.0022266892628977075,8,500.7837485524382,19.7626953125
238592,63.084432273588824,108.8573843155048,149.19,7,0,-0.009751637931913137,141.51262283325195,3.9220912754535675,0.001072092418326065,8,500.3729041902663,19.7626953125
239616,96.18752988764571,107.33964221707038,149.19,8,2,-0.008639292442239821,136.15848445892334,3.969332218170166,0.0014505052677122876,8,499.88477350969345,19.7626953125
240640,111.29357656793181,106.9485828832236,149.19,6,1,-0.010331824072636664,123.22932291030884,3.9280412644147873,0.002541249807109125,8,499.50594743530047,19.7626953125
241664,179.03513419307856,109.8072176505008,149.19,6,4,-0.00907652371097356,269.2566146850586,3.834171235561371,0.001354958672891371,8,499.27031351549715,19.7626953125
242688,49.58899816418781,111.84513955054663,149.19,8,1,-0.00964339345227927,135.32640504837036,3.8328215181827545,0.0023288142983801663,8,498.5722506137806,19.7626953125
243712,190.3262208066799,109.86625233192777,149.32,7,4,-0.012398449704051018,117.4376630783081,3.8853778541088104,0.002110433328198269,8,497.28359986425124,19.7626953125
244736,101.46471547008221,108.51887101926077,149.82,6,3,-0.00708907819353044,189.2966766357422,3.8988538682460785,0.0015355481300503016,8,495.6786673987431,19.7626953125
245760,91.47199725745222,106.99485901559314,150.0,7,3,-0.007334421272389591,217.23559761047363,3.8559037297964096,0.0009253006865037605,8,495.2061473794436,19.7626953125
246784,111.37293921172127,107.19074721470444,150.0,8,3,-0.008787611615844071,144.86544847488403,3.876414120197296,0.0008432411559624597,8,494.61468301621017,19.7626953125
247808,522.6893424775604,114.25950064052996,150.0,6,6,-0.00477421295363456,731.2715148925781,3.8495620042085648,0.0007282726583071053,8,493.74721242314973,19.7626953125
248832,134.95095025433835,113.25955408113647,150.0,6,3,-0.011684761266224086,144.93137884140015,3.819829225540161,0.0024079881695797667,8,492.8907599207514,19.7626953125
249856,113.00074093320792,115.10242068690987,150.0,8,4,-0.007515886332839727,175.39618015289307,3.8279107213020325,0.0011163597810082138,8,492.1119597983665,19.7626953125
250880,72.75635489430266,108.26502672774144,150.0,7,0,-0.008281833084765822,122.78561401367188,3.691651001572609,0.002636167293530889,8,490.82836115097655,19.7626953125
251904,83.41068919246807,106.63549416806413,150.0,6,1,-0.0069755964213982224,240.2103672027588,3.7144258618354797,0.0008228042133850977,8,490.6843366176791,19.7626953125
252928,44.21240660531597,114.37378260386934,149.39,8,10,-0.005144218564964831,410.29762077331543,3.703801065683365,0.000887313814018853,8,490.4074580984893,19.7626953125
253952,111.28105953887767,114.80379290248317,149.39,7,2,-0.007472270051948726,162.2311143875122,3.7562432289123535,0.0011907794105354697,8,490.33587962762454,19.7626953125
254976,224.4046880146413,116.36988272769777,149.39,5,3,-0.0024364716373384,204.06083583831787,3.772650584578514,0.0007442785426974297,8,490.06833116203853,19.7626953125
256000,288.8498197269628,117.23017733126595,149.39,8,3,-0.004010662902146578,183.6710910797119,3.691137447953224,0.0006023126770742238,8,489.80594355164743,19.7626953125
257024,137.38939561374974,117.60259942998742,149.39,7,7,-0.0033158224541693926,652.7075004577637,3.7178275883197784,0.0007730621291557327,8,489.3362203233542,19.7626953125
258048,94.35079729624648,117.52365864398364,149.39,6,1,-0.011623846425209194,125.15539121627808,3.661533147096634,0.0013673449720954522,8,489.34983572933453,19.7626953125
259072,198.12269742140657,121.59887982980588,149.39,7,5,-0.0047294244286604226,439.00415802001953,3.6832071244716644,0.001148935843957588,8,489.0247273375091,19.7626953125
260096,161.48938629305331,122.35243654949772,149.39,8,7,-0.007537389639765024,114.82780313491821,3.6990350782871246,0.0008510320039931685,8,488.5690727456599,19.7626953125
261120,320.919706867833,124.5300862721827,149.39,7,3,-0.005826578475534916,279.69243907928467,3.6521529257297516,0.001356488181045279,8,488.1703611526606,19.7626953125
262144,103.00066833633761,124.62717260453154,149.39,5,1,-0.006040907057467848,161.90794897079468,3.5613551437854767,0.000674902054015547,9,487.65571141864535,19.7626953125
263168,170.75970770548255,119.2525249138857,149.39,8,3,-0.00767345679923892,174.11731338500977,3.5880585312843323,0.0010844388452824205,9,487.0429646813645,19.7626953125
264192,152.6658386774284,118.57062596153231,149.25,7,2,-0.012160908692749217,142.24376487731934,3.5107778161764145,0.003855828777886927,9,486.7453971278363,19.7626953125
265216,119.95416555966744,117.21516275386973,149.25,7,4,-0.007404755102470517,179.30665111541748,3.4375689774751663,0.002632754622027278,9,486.60714676006114,19.7626953125
266240,101.84834468337469,121.10768713900369,149.25,6,3,-0.0039038267568685114,366.93849182128906,3.4432055950164795,0.0012038420827593654,9,486.51329378931666,19.7626953125
267264,162.21538690442011,121.95274208698537,149.57,8,8,-0.006171987508423626,206.23534297943115,3.513130396604538,0.0005992825026623905,9,486.3695446478654,19.7626953125
268288,70.3170814598222,120.8673091321934,149.39,6,1,-0.007708243327215314,141.87617874145508,3.412904754281044,0.002267707168357447,9,486.2990670230248,19.7626953125
269312,103.79392263869904,121.23835418531834,149.39,7,2,-0.0070079893339425325,212.7237434387207,3.4328445941209793,0.0016374807310057804,9,486.22905836796247,19.7626953125
270336,61.490674876812484,119.548879651258,149.07,7,3,-0.006201715732458979,357.1010932922363,3.5283461958169937,0.0013916714378865436,9,486.18878544785343,19.7626953125
271360,142.91417530439702,119.36841189812891,149.07,8,5,-0.01267801719950512,91.3224549293518,3.4505437910556793,0.00261957009206526,9,486.2116187531688,19.7626953125
272384,29.323666147656766,116.57463359340183,149.07,6,1,-0.0075832900183741,166.71382904052734,3.5468164533376694,0.0022534003510372713,9,486.231569037164,19.7626953125
273408,136.12116644523394,118.19131250016257,149.07,6,5,-0.006154555187094957,211.7134132385254,3.489823430776596,0.0011154724634252489,9,486.23377911590967,19.7626953125
274432,70.59671584126458,116.62009073254889,149.07,8,3,-0.009271789574995637,206.0900640487671,3.4844669699668884,0.002309338189661503,9,486.1863099507977,19.7626953125
275456,102.15736384432266,118.47307282660486,149.07,6,3,-0.010792489745654166,118.88869428634644,3.6214247941970825,0.002035494937445037,9,485.7491287884179,19.7626953125
276480,67.2548445635434,114.80220645102762,149.07,7,4,-0.0076834982028231025,137.0389986038208,3.63471357524395,0.0025209402083419263,9,485.4619649315788,19.7626953125
277504,159.75244130672863,116.3661113625677,149.07,7,1,-0.008564713061787188,106.80330848693848,3.5709492713212967,0.002304625028045848,9,485.53673821390146,19.7626953125
278528,94.95067167790695,118.87492722998086,149.07,8,0,-0.010725627362262458,142.73497867584229,3.535971477627754,0.0023423138190992177,9,485.5857681548794,19.7626953125
279552,75.49618617040335,117.90494924671168,149.21,5,1,-0.0034930548281408846,369.1124801635742,3.5946567952632904,0.001235281175468117,9,485.57572278655016,19.7626953125
280576,417.0358519184032,123.57901976513548,149.21,7,12,-0.0044664384331554174,571.0715293884277,3.6330261677503586,0.0008133426599670202,9,485.67947154047044,19.7626953125
281600,157.67322853581783,124.24666494968272,149.5,8,7,-0.00796233577420935,247.65695762634277,3.688149392604828,0.000935288131586276,9,485.6947168247196,19.7626953125
282624,120.87418017892738,125.12516763296782,149.68,6,3,-0.011836386984214187,108.54745721817017,3.5683813095092773,0.0033598578011151403,9,485.66915450706966,19.7626953125
283648,145.33085982694294,127.2152980997027,149.68,7,3,-0.012998698104638606,132.4241361618042,3.5927997678518295,0.0032992281194310635,9,485.7275021456278,19.7626953125
284672,216.08851207072814,128.21650347350126,150.0,7,3,-0.01100884226616472,197.80283737182617,3.540341779589653,0.002248742603114806,9,485.8497512661052,19.7626953125
285696,126.70441621524208,128.95214060237453,150.0,6,4,-0.006115881085861474,149.16214847564697,3.4694101363420486,0.0020162347645964473,9,486.1031687791577,19.7626953125
286720,79.38628853229896,128.2045711448074,150.0,7,0,-0.00930333393625915,388.36047649383545,3.442482739686966,0.0023865581752033904,9,486.3476618787513,19.7626953125
287744,206.87811918394738,133.16783382149103,150.0,7,7,-0.0030402541160583496,226.84426307678223,3.459632784128189,0.0013351125089684501,9,486.569913503714,19.7626953125
288768,162.29567061284533,131.7602789187512,150.0,8,4,-0.00824900227598846,260.62122631073,3.4482605159282684,0.0011286993976682425,9,486.8719880178155,19.7626953125
289792,173.93463162438073,130.17320972428368,149.85,6,2,-0.011740097892470658,206.1462745666504,3.3526660352945328,0.003690235476824455,9,487.0876310794615,19.7626953125
290816,122.84940269791477,130.7967130239439,149.85,7,2,-0.01400582306087017,119.93439102172852,3.471615642309189,0.003943425414036028,9,487.0416143802093,19.7626953125
291840,151.6216540518419,131.23265015132733,149.85,7,3,-0.008993857714813203,167.44509601593018,3.4099826514720917,0.0024280110956169665,9,487.05163344255465,19.7626953125
292864,64.38532384734428,131.4700940375869,149.85,6,2,-0.011623807367868721,173.40659713745117,3.4373595863580704,0.002698037147638388,9,486.9232487275242,19.7626953125
293888,30.209426251183288,132.83265936734037,149.85,7,1,-0.00624153099488467,150.70272541046143,3.4849893450737,0.0014801598736084998,9,487.1345284380246,19.7626953125
294912,103.71812100167496,132.00127913712453,149.85,7,2,-0.010557197500020266,209.71236515045166,3.533201292157173,0.0026025107508758083,10,487.40959640054143,19.7626953125
295936,121.34959607738223,128.35323562809384,149.85,8,5,-0.010553982283454388,217.14497470855713,3.4641110002994537,0.002405681152595207,10,487.60860721895546,19.7626953125
296960,9.530495287439399,122.51860939669683,149.85,6,2,-0.010389366128947586,157.3127088546753,3.4294882267713547,0.002337926678592339,10,487.82238945325264,19.7626953125
297984,114.99824809114794,122.68969429815802,149.85,6,1,-0.006629159033764154,197.58163690567017,3.4724681079387665,0.001289017265662551,10,488.135283391333,19.7626953125
299008,158.48634924890248,122.72471096681947,149.45,8,4,-0.007180189655628055,237.23980617523193,3.475090503692627,0.0009673298627603799,10,488.27658386333286,19.7626953125
300032,250.8930558134196,122.13185162544704,149.45,7,3,-0.009259793092496693,241.12777519226074,3.492111548781395,0.001352535720798187,10,488.48901638883814,19.7626953125
301056,121.56159014943199,122.81857102856377,149.45,6,3,-0.01100642787059769,113.41062879562378,3.5386268943548203,0.0022066099918447435,10,488.53825006125305,19.7626953125
302080,146.78372942079696,120.6721974304329,149.45,7,1,-0.010849344660528004,151.10609769821167,3.469403475522995,0.0042836978391278535,10,488.66221871853674,19.7626953125
303104,80.30511089039409,117.03835399186049,149.45,7,2,-0.021467348735313863,97.47683143615723,3.462113082408905,0.007501695450628176,10,488.9282404487059,19.7626953125
304128,62.443554171207225,119.37892480341894,149.45,7,3,-0.01088844722835347,222.55008220672607,3.5075645595788956,0.002776970766717568,10,489.31595801740383,19.7626953125
305152,120.15851851743679,120.55258012465617,149.6,6,3,-0.014253602595999837,109.00712251663208,3.512861594557762,0.003618483620812185,10,489.69095956935996,19.7626953125
306176,186.1931165561239,118.30039696722486,149.6,8,3,-0.013805179798509926,159.66944122314453,3.5612120926380157,0.006414601375581697,10,490.1329578255353,19.7626953125
307200,95.16283820164216,118.5741612756824,149.39,7,3,-0.010637391067575663,136.6908392906189,3.634249120950699,0.002006797629292123,10,490.19327652462476,19.7626953125
308224,143.80672231987154,120.27209844612898,149.39,6,3,-0.008879822853486985,116.95833110809326,3.7110612839460373,0.0021398525132099167,10,489.86390176360516,19.7626953125
309248,285.4030056641468,124.74221923839636,149.39,7,5,-0.008859203546307981,310.8204870223999,3.694377437233925,0.0017099161632359028,10,489.86281915337685,19.7626953125
310272,220.7576350383464,125.01869523090238,149.19,8,2,-0.007620808843057603,221.04730224609375,3.7505204677581787,0.000874001721967943,10,489.6738322992574,19.7626953125
311296,219.72590889532307,123.06419483909244,148.88,5,3,-0.0041061234078370035,291.0845012664795,3.8161008059978485,0.0006943493644939736,10,489.60412645933775,19.7626953125
312320,183.7788075928947,123.95437588343385,148.88,8,2,-0.009766082046553493,158.46112251281738,3.829120844602585,0.0021091694507049397,10,489.74265872511984,19.7626953125
313344,124.57188419761235,124.57410728830935,149.28,7,2,-0.012535409419797361,144.33196830749512,3.93430058658123,0.002274882557685487,10,490.09236961440763,19.7626953125
314368,127.80688197701096,125.88722329858844,149.28,8,6,-0.009944525256287307,223.85723304748535,3.939485013484955,0.0016382067842641845,10,490.5175980490047,19.7626953125
315392,126.36045767537767,123.19902577769224,149.28,5,2,-0.009168322547338903,252.69297122955322,3.907295748591423,0.0013091948057990521,10,490.8883899485077,19.7626953125
316416,60.48554259470671,122.93564031579035,149.28,7,6,-0.009000207181088626,174.74779510498047,3.935004949569702,0.0015143820928642526,10,491.19735105881523,19.7626953125
317440,97.80697890304283,123.06351368970223,149.28,8,2,-0.012839177681598812,122.04401445388794,3.960610568523407,0.001415002639987506,10,491.5877826606979,19.7626953125
318464,216.35424023495386,124.57812153188199,149.28,5,3,-0.004056713834870607,287.30743408203125,3.924448072910309,0.0011943080753553659,10,491.9036324985742,19.7626953125
319488,205.14664816561606,119.88378734689229,149.28,8,0,-0.005765049601905048,133.48524284362793,3.9105903059244156,0.0007124626717995852,10,492.1687548943717,19.7626953125
320512,68.20877462930066,117.632626766153,149.28,7,6,-0.009146284661255777,268.2910451889038,3.849818155169487,0.001095181069104001,10,492.2590952564175,19.7626953125
321536,263.5976269811877,121.40888167582295,148.76,7,5,-0.004966700857039541,307.6373062133789,3.965717613697052,0.0011137908149976283,10,492.4291991673505,19.7626953125
322560,202.61954432421402,121.54252458904455,148.97,6,1,-0.01022170321084559,213.2654800415039,3.9552615880966187,0.001135274229454808,10,492.43127933109645,19.7626953125
323584,116.00120611633689,118.0983048928396,148.97,7,3,-0.01588050986174494,130.02153301239014,3.905797928571701,0.00407485241885297,10,492.29239662534326,19.7626953125
324608,46.89710598081015,114.39779428026685,148.97,8,2,-0.0155792974983342,143.49170207977295,3.8764103055000305,0.0037345429591368884,10,492.17438520043595,19.7626953125
325632,143.25772560559528,113.22034298436373,149.17,6,4,-0.007058110408252105,201.21740245819092,3.831959530711174,0.0024647941172588617,10,492.3489405254162,19.7626953125
326656,80.45116952625312,115.87532059499998,149.48,7,7,-0.007637096103280783,205.85394954681396,3.818957135081291,0.0013400153256952763,10,492.6940735561795,19.7626953125
327680,149.26828274940715,115.65767817059967,149.48,7,3,-0.00501981790876016,345.61490535736084,3.856463000178337,0.0009927412611432374,11,492.946108100878,19.7626953125
328704,117.17667592838428,117.26809487964714,149.48,6,5,-0.010004324372857809,90.3520073890686,3.8524601608514786,0.0016881917836144567,11,493.13230282967197,19.7626953125
329728,109.47785235932504,115.14183750876047,149.48,7,4,-0.012894916348159313,243.72829341888428,3.8144636303186417,0.002330469316802919,11,493.28147741917314,19.7626953125
330752,51.918373985086866,116.14203155025963,149.48,7,5,-0.008116289915051311,149.50470733642578,3.7654148936271667,0.0019110052235191688,11,493.46757431157175,19.7626953125
331776,12.288573025106157,119.24427471580421,149.48,8,5,-0.006028902134858072,221.38919162750244,3.7544013261795044,0.0008118468977045268,11,493.31949291542105,19.7626953125
332800,93.1741470987007,117.73863855277347,149.48,5,3,-0.010035346262156963,230.14822673797607,3.785806715488434,0.001279668213101104,11,493.5389737774939,19.7626953125
333824,109.92568234979854,117.46555402437836,149.48,8,4,-0.007524874119553715,95.86527872085571,3.7593504190444946,0.0014609513891628012,11,493.7393707574746,19.7626953125
334848,129.53672546926177,117.25764992459854,149.48,7,4,-0.005685751559212804,183.0596694946289,3.7030679136514664,0.0009521910105831921,11,493.9758657136295,19.7626953125
335872,138.40508365847538,116.71620869395863,149.48,6,2,-0.005869249580428004,216.6542739868164,3.7249854505062103,0.0006157338502816856,11,494.31467196952696,19.7626953125
336896,82.49208864357927,115.78540935630912,150.0,7,2,-0.009090290637686849,122.54031705856323,3.6271986067295074,0.001105691510019824,11,494.5974427038933,19.7626953125
337920,66.42833092351998,115.63316987223433,149.86,7,5,-0.011770198063459247,169.7341012954712,3.6608871668577194,0.0024620878539280966,11,494.83711023035136,19.7626953125
338944,143.62295737515984,116.05223563648796,149.86,8,1,-0.013850409246515483,128.88235330581665,3.7180977165699005,0.0028913382557220757,11,495.07434309245826,19.7626953125
339968,123.7490051842821,118.12393315877611,149.86,6,1,-0.009384532051626593,165.54269218444824,3.700230285525322,0.0016753231611801311,11,495.16799290326327,19.7626953125
340992,131.57974222593185,117.7521366409235,149.86,6,4,-0.009226932656019926,143.67189407348633,3.663914903998375,0.002368045868934132,11,495.1704947436243,19.7626953125
342016,255.1588851175556,119.3388756889877,149.86,8,2,-0.005879339994862676,236.42604446411133,3.7305404245853424,0.0006700222875224426,11,495.22441405354436,19.7626953125
343040,184.55724041332394,120.19036942774709,149.86,6,4,-0.004597550258040428,157.21884632110596,3.7291490882635117,0.0005920257972320542,11,495.4534972113041,19.7626953125
344064,88.42604139092937,123.76789189686193,149.86,7,3,-0.01499809673987329,134.63969469070435,3.709364280104637,0.0024422466376563534,11,495.7109646270601,19.7626953125
345088,128.7357884475884,122.04744342684712,149.86,7,3,-0.009890736429952085,116.56022310256958,3.734355092048645,0.001452716052881442,11,495.90761412672,19.7626953125
346112,206.98339282918468,125.57124582728848,149.86,6,2,-0.006590256583876908,129.9338903427124,3.7041173726320267,0.001505257241660729,11,496.1684226025994,19.7626953125
347136,84.19911480709575,124.56528541388543,149.86,7,0,-0.0065210611501242965,285.0842571258545,3.7113552391529083,0.001115625214879401,11,496.37948494403577,19.7626953125
348160,154.1408714485398,126.34802895127073,149.86,7,9,-0.008379500941373408,146.4235782623291,3.6825269609689713,0.001981714347493835,11,496.5535991895683,19.7626953125
349184,207.40043035288915,131.72353733105797,149.86,8,5,-0.012948331073857844,133.3511838912964,3.653479516506195,0.00212053423456382,11,496.6054695711675,19.7626953125
350208,168.82378019526962,133.18544724314003,149.86,6,2,-0.016328713041730225,117.4610652923584,3.6553485840559006,0.0044163951388327405,11,496.8308900815882,19.7626953125
351232,164.56089025619227,136.00557585614132,149.86,7,2,-0.016127978095028084,102.7260890007019,3.718433365225792,0.0044754701521014795,11,496.96542369997655,19.7626953125
352256,168.87215163705338,136.60617702985354,149.86,7,2,-0.011763386777602136,125.56110429763794,3.691782459616661,0.00236754551588092,11,497.19496068775794,19.7626953125
353280,34.69018891661079,135.6541653241727,150.0,6,3,-0.006393449148163199,124.6976490020752,3.7335026562213898,0.0014100004191277549,11,497.3990170766281,19.7626953125
354304,216.81247788909042,135.87879295960857,150.0,7,3,-0.010965409339405596,273.60839080810547,3.7096529453992844,0.001470899602281861,11,497.49762146407795,19.7626953125
355328,182.8217308933486,135.21496216374553,150.0,7,1,-0.007223479333333671,199.65682125091553,3.649759143590927,0.001127169030951336,11,497.6842801343834,19.7626953125
356352,171.2868539714946,140.16444154618827,150.0,8,5,-0.011595197836868465,81.16518068313599,3.726531222462654,0.0026475152699276805,11,497.89522593802644,19.7626953125
357376,109.90146705041353,137.52736773015582,150.0,6,1,-0.00881585368188098,91.6414442062378,3.728130131959915,0.0018590876716189086,11,497.9595418885103,19.7626953125
358400,73.4347641220234,132.6981161234108,150.0,6,2,-0.007859386329073459,156.461905002594,3.7061008363962173,0.0012377381644910201,11,497.95046298705284,19.7626953125
359424,173.20967540570936,133.78765233475266,150.0,8,7,-0.009111800929531455,212.02761363983154,3.6774556040763855,0.001556446572067216,11,498.2521214963346,19.7626953125
360448,207.9631782083976,136.5700066113646,150.0,6,3,-0.00424078427022323,406.4726314544678,3.6081874519586563,0.001453387681976892,12,498.6469333716427,19.7626953125
361472,280.58082798561105,139.50356899131984,150.0,7,7,-0.013637629454024136,181.39867782592773,3.624511256814003,0.001860653719631955,12,499.0624591920636,19.7626953125
362496,102.50330777633127,138.76607538560185,150.0,7,4,-0.00930641544982791,149.7550015449524,3.6552074998617172,0.0021151516266399994,12,499.4575249981563,19.7626953125
363520,104.72437236962617,137.15310202042258,150.0,6,2,-0.010730054578743875,78.53324508666992,3.659137576818466,0.0016892020794330165,12,499.91557825562677,19.7626953125
364544,139.1501449792889,138.0387496944777,150.0,7,4,-0.004895496764220297,166.8218059539795,3.684144452214241,0.0009297361102653667,12,500.1885761864369,19.7626953125
365568,214.3801554745629,139.13604473009096,150.0,7,2,-0.011347398743964732,101.51679849624634,3.7164959460496902,0.001595362788066268,12,500.425634747931,19.7626953125
366592,136.31695000969472,140.02706308630783,150.0,8,2,-0.011640624492429197,185.70279121398926,3.6353299766778946,0.002353557414608076,12,500.71668825314435,19.7626953125
367616,93.82416404489764,139.5268004347515,150.0,6,3,-0.011457577114924788,166.4027018547058,3.5885392278432846,0.002691932619200088,12,501.08150067843025,19.7626953125
368640,120.22365173520936,139.71056554131147,150.0,7,2,-0.013957362854853272,97.75365447998047,3.5739536583423615,0.0023527784942416474,12,501.12013365891454,19.7626953125
369664,148.0801239575708,142.77164056103638,150.0,7,2,-0.012024222291074693,120.9820613861084,3.560011848807335,0.002640054779476486,12,501.0733712213498,19.7626953125
370688,170.9459971985906,141.84879549829492,150.0,6,1,-0.010033478727564216,94.35833787918091,3.5624662935733795,0.0019178485381416976,12,501.039582454988,19.7626953125
371712,87.79859890166834,138.96349387536932,150.0,7,1,-0.010865630465559661,103.80256032943726,3.4914841800928116,0.0031699002138338983,12,500.9812157803221,19.7626953125
372736,205.81045273224123,140.9855391791051,150.0,7,5,-0.007866931380704045,243.80901050567627,3.3921359181404114,0.002935191703727469,12,500.87177066546064,19.7626953125
373760,120.05944535823014,143.2749383599456,150.0,8,6,-0.00646993366535753,337.6757287979126,3.47432541847229,0.0011827048874692991,12,500.7774849138739,19.7626953125
374784,205.78072636687477,142.67032621474837,150.0,6,2,-0.007328936597332358,133.902934551239,3.4175446927547455,0.0013114571629557759,12,500.9163056535824,19.7626953125
375808,163.1115808300025,143.76563998477567,150.0,6,4,-0.0087254861718975,127.8170075416565,3.403767168521881,0.0017929468303918839,12,501.073662133603,19.7626953125
376832,144.18077232202756,142.13275058358428,150.0,8,2,-0.006031056807842106,147.33645057678223,3.425962433218956,0.001817501542973332,12,501.4149359941009,19.7626953125
377856,113.38094921452196,144.20184902868627,150.0,6,3,-0.011119727743789554,142.00457859039307,3.404193267226219,0.0024315417686011642,12,501.64175612385844,19.7626953125
378880,165.27907621234118,146.67791204714035,149.85,7,4,-0.01697915483964607,170.78414249420166,3.3073863089084625,0.007559834324638359,12,501.6190564643716,19.7626953125
379904,155.9519543026981,147.10109272727436,149.85,7,5,-0.00906778231728822,180.68467044830322,3.4253754019737244,0.003140917862765491,12,501.64525273731624,19.7626953125
380928,133.57510373970592,147.59386578864076,149.85,8,2,-0.008866309828590602,155.61506271362305,3.4489553421735764,0.0017707206425257027,12,501.69880614582473,19.7626953125
381952,352.8036560731737,150.70261542858606,149.85,5,7,-0.005037722643464804,271.1308069229126,3.490189328789711,0.000979810007265769,12,501.69871748011616,19.7626953125
382976,166.81440197618133,153.2624632504973,149.85,7,7,-0.01335275056771934,171.4397382736206,3.4614032059907913,0.002951924267108552,12,501.60875097148664,19.7626953125
384000,243.17082438217878,154.44827378518707,149.85,8,5,-0.012178202567156404,104.87771415710449,3.371054545044899,0.0019538937631295994,12,501.66535994422276,19.7626953125
385024,125.56478339683107,154.0588938713735,149.85,6,3,-0.005997880478389561,187.51521587371826,3.430677190423012,0.0018962979956995696,12,501.8465219133383,19.7626953125
386048,112.43597900415607,155.02878191830717,149.85,7,2,-0.011039661592803895,154.93589878082275,3.439863905310631,0.002259075074107386,12,502.0555199733972,19.7626953125
387072,184.2897821654367,158.5492037628275,149.85,7,7,-0.011698308575432748,149.58268642425537,3.378564029932022,0.003181339372531511,12,502.28896591421915,19.7626953125
388096,178.62560127838765,156.95257960415432,149.85,7,3,-0.009345360333099961,184.28314685821533,3.461500570178032,0.001659511064644903,12,502.4480400526033,19.7626953125
389120,292.3675580256651,156.4221812888875,149.7,6,4,-0.007371835934463888,239.5973024368286,3.469436436891556,0.0011829677678178996,12,502.50504764745426,19.7626953125
390144,182.43263750047564,156.49730236906828,149.7,7,3,-0.008991789305582643,219.1936902999878,3.437408521771431,0.0015274783072527498,12,502.57202017172796,19.7626953125
391168,192.39819368661762,154.8744937546061,149.7,8,2,-0.007882035104557872,121.32474040985107,3.4841560274362564,0.0014666619536001235,12,502.50279575337225,19.7626953125
392192,103.38887172670972,151.53437368145794,149.7,6,2,-0.013886628381442279,83.20815944671631,3.457324355840683,0.004930570285068825,12,502.6654740603727,19.7626953125
393216,216.85371741759423,154.29893795714472,149.83,6,5,-0.012307680357480422,150.430166721344,3.4900447726249695,0.004649703012546524,13,502.8767034606828,19.7626953125
394240,143.91062019788072,152.63153332945177,149.83,8,2,-0.010077113809529692,140.13071537017822,3.4315055161714554,0.0017725787474773824,13,503.0642689824026,19.7626953125
395264,158.67952208974143,152.42826054298766,149.83,7,2,-0.008406837820075452,134.75656127929688,3.5277948528528214,0.0021869918855372816,13,503.23378384192847,19.7626953125
396288,209.53825044750212,154.1794825509932,149.59,7,5,-0.0059847679222002625,340.89977264404297,3.5521115511655807,0.001096973050152883,13,503.39451179478004,19.7626953125
397312,134.27268708230082,153.36343605334375,149.47,6,6,-0.005351041385438293,190.24846649169922,3.533450409770012,0.0015859039558563381,13,503.58109376536953,19.7626953125
398336,161.42541951498248,150.81879902031963,149.47,8,0,-0.014261081058066338,72.8306713104248,3.530178353190422,0.0017453644541092217,13,503.86056410646125,19.7626953125
399360,217.0429001074729,152.5457333352043,149.47,6,4,-0.006998833850957453,180.41143035888672,3.5519498884677887,0.0018962034228025004,13,503.9370196380955,19.7626953125
400384,186.63799943039606,154.13044016323812,149.4,6,5,-0.00790011032950133,243.92709159851074,3.5167787075042725,0.0016192062466870993,13,504.17608710183333,19.7626953125
401408,156.1386134659208,156.8835770246146,149.4,8,5,-0.010210690379608423,195.3747434616089,3.5000388622283936,0.0019611956522567198,13,504.2775512124453,19.7626953125
402432,194.8772435367917,155.73134418519356,149.4,7,2,-0.015122291748411953,112.61027908325195,3.585036039352417,0.004150304710492492,13,504.4532880603585,19.7626953125
403456,137.89251187348373,156.61887949406483,149.4,6,2,-0.009323505742941052,156.96312999725342,3.610261544585228,0.0030204043141566217,13,504.5691898197295,19.7626953125
404480,145.62564730182604,156.1717269083806,149.55,7,2,-0.01370224158745259,96.70235586166382,3.6160582154989243,0.002371834110817872,13,504.6199381945857,19.7626953125
405504,126.96916059179519,157.6322433960353,149.55,8,3,-0.009090654726605862,221.01055526733398,3.582003176212311,0.0017492441547801718,13,504.6143096924514,19.7626953125
406528,54.166963106474725,155.27501289541465,149.55,6,1,-0.0089685128768906,159.07761907577515,3.5638304948806763,0.0011645661579677835,13,504.68323122695017,19.7626953125
407552,267.64032989679947,158.71783746330078,149.57,6,6,-0.009025327861309052,332.33180809020996,3.571741983294487,0.002121529498253949,13,504.6133647766491,19.7626953125
408576,130.18412268178807,157.02865739721247,149.57,8,5,-0.013613317103590816,142.63096141815186,3.5613452047109604,0.0036358224897412583,13,504.61509417834264,19.7626953125
409600,85.32743892706539,155.82313325441012,149.57,6,3,-0.014693828648887575,106.3167200088501,3.5840473622083664,0.0033994697296293452,13,504.8489619954318,19.7626953125
410624,178.6647957978203,156.21209574598868,149.57,7,1,-0.013313471630681306,82.64836716651917,3.5459335446357727,0.004959352270816453,13,505.09113751556777,19.7626953125
411648,123.57702580268395,154.42110541987302,149.81,7,6,-0.00407322496175766,224.50811004638672,3.489926293492317,0.0022460027976194397,13,505.1818287792133,19.7626953125
412672,51.52202451676136,155.76031113163356,149.93,8,3,-0.008011009718757123,180.41651058197021,3.4200731366872787,0.0018211536516901106,13,505.4167184253739,19.7626953125
413696,104.58630034539293,152.38571307302485,149.93,6,2,-0.014510965207591653,110.53627252578735,3.489332601428032,0.0017674117989372462,13,505.63431479141735,19.7626953125
414720,149.1523030925868,152.2244417430225,149.93,6,3,-0.01109046523924917,157.38597679138184,3.4995518177747726,0.0024700381472939625,13,505.7858040882615,19.7626953125
415744,504.8037483643211,150.14486512682114,150.0,8,9,-0.0028310409979894757,467.97483825683594,3.503503680229187,0.0007079376227920875,13,505.95152202628833,19.7626953125
416768,120.8471282055929,148.88825439887998,150.0,6,3,-0.009409681661054492,150.75247812271118,3.502510115504265,0.0012121711915824562,13,506.10313945710755,19.7626953125
417792,28.866405085306177,147.88957073034547,150.0,6,5,-0.011599202349316329,124.60326623916626,3.5239298194646835,0.0016070175333879888,13,506.3049403155395,19.7626953125
418816,149.98167307386592,145.08207846287408,150.0,8,1,-0.012582362280227244,148.84151411056519,3.5282755941152573,0.003145160910207778,13,506.4657939697101,19.7626953125
419840,202.88547775149377,142.83364006676572,149.71,7,3,-0.008038060448598117,247.47807025909424,3.5706011056900024,0.001272894922294654,13,506.5898233227953,19.7626953125
420864,173.57068781643818,145.02718741126174,149.6,7,6,-0.007688172394409776,238.81450176239014,3.550795242190361,0.0016686903982190415,13,506.7889334818134,19.7626953125
421888,170.3335116512105,144.62999480169918,149.6,6,3,-0.009759183216374367,268.8961591720581,3.6049753576517105,0.001535503106424585,13,506.95043248524985,19.7626953125
422912,277.31105196971544,147.09588776655337,149.6,8,9,-0.0033777595963329077,241.82321453094482,3.532210111618042,0.0012287502904655412,13,507.0749610195798,19.7626953125
423936,138.65889027970658,149.4472257656281,149.6,7,3,-0.01065028936136514,199.20773792266846,3.508042588829994,0.001814793620724231,13,507.2384359166733,19.7626953125
424960,112.53341031506227,149.72010738181567,149.33,6,2,-0.011102237680461258,127.02827024459839,3.541562795639038,0.002292036369908601,13,507.1908064461403,19.7626953125
425984,117.04197865713928,146.9233885741327,149.33,7,0,-0.00632136914646253,198.57379627227783,3.505237892270088,0.0014215333212632686,14,507.1888356609531,19.7626953125
427008,127.83991582400125,143.9710919348674,149.33,7,5,-0.010389827657490969,133.91742944717407,3.4316202104091644,0.0013707281759707257,14,507.21707308917144,19.7626953125
428032,106.10757301584661,146.4535102627315,149.33,6,7,-0.009629910811781883,155.72284841537476,3.471814304590225,0.002116308140102774,14,507.56908141488844,19.7626953125
429056,242.0566497772283,150.79286116631158,149.33,7,4,-0.013408728991635144,111.09385585784912,3.512900084257126,0.002497133522410877,14,507.9480844316476,19.7626953125
430080,88.27409049623255,149.7990866675284,149.33,8,10,-0.005751720222178847,215.41291427612305,3.4486100375652313,0.0020050687598995864,14,508.339587152477,19.7626953125
431104,182.74191915953335,148.66518305545765,149.33,7,2,-0.007912996283266693,102.78595066070557,3.561648964881897,0.0013534901372622699,14,508.69181581444934,19.7626953125
432128,280.0862867137572,150.6393378257885,149.33,6,2,-0.004122444719541818,264.6848783493042,3.4718892574310303,0.0012405778106767684,14,509.01141768232156,19.7626953125
433152,173.37427083317024,152.63768160099627,149.33,7,5,-0.010865170392207801,99.81373405456543,3.5335283875465393,0.0019842725741909817,14,509.28926676122103,19.7626953125
434176,173.4812507002978,155.30824273589795,149.62,7,5,-0.003890427644364536,558.9579048156738,3.496449738740921,0.001157709673861973,14,509.4362869969937,19.7626953125
435200,163.39527697783464,159.1319484243456,149.73,6,6,-0.0050310940714553,120.30116558074951,3.4763971120119095,0.00034980142663698643,14,509.61339246980424,19.7626953125
436224,107.4311277857299,156.65508676613177,149.72,7,2,-0.010423750412883237,128.09657859802246,3.4512783139944077,0.002555981875048019,14,509.6356156063405,19.7626953125
437248,122.55136671054882,154.07832859372738,149.29,8,6,-0.012652885576244444,201.4183750152588,3.599532887339592,0.004558212385745719,14,509.6417093764038,19.7626953125
438272,120.10150359212514,153.94555829352367,149.29,7,4,-0.010295870713889599,155.5530071258545,3.588290572166443,0.002637529047206044,14,509.55429682512977,19.7626953125
439296,133.12925096419244,154.61002281539677,149.56,6,3,-0.012240162352100015,138.87509489059448,3.60997810959816,0.002515791289624758,14,509.5050154599327,19.7626953125
440320,187.12846705351535,153.65748371839297,149.56,7,4,-0.007683260657358915,331.41102409362793,3.5979147255420685,0.0016541720542591065,14,509.39252951618226,19.7626953125
441344,255.07170360635843,157.22469460179332,149.56,8,13,-0.007932894048281014,170.00412940979004,3.7019874900579453,0.0013792878453386948,14,509.23247480084365,19.7626953125
442368,74.70659811624714,157.38316681338944,149.56,5,3,-0.015158216585405171,104.57485866546631,3.6992608308792114,0.0022530388669110835,14,508.8733725090706,19.7626953125
443392,210.7302543359607,156.37536893024944,149.56,7,0,-0.013518163119442761,121.36092233657837,3.619347020983696,0.002359860503929667,14,508.77859757395305,19.7626953125
444416,84.86819546419498,151.8036884035728,149.56,8,2,-0.015072014328325167,113.35489559173584,3.666841581463814,0.0034050362301059067,14,508.5846152503831,19.7626953125
445440,158.8485200033243,153.463504511367,149.56,5,0,-0.005702984402887523,161.29870653152466,3.6339682936668396,0.002116417104844004,14,508.5085317328302,19.7626953125
446464,85.17187804152151,153.84722615371712,149.56,7,4,-0.010960869840346277,83.98161029815674,3.6042800545692444,0.0016585733246756718,14,508.41893438550704,19.7626953125
447488,142.57228833610296,154.34925081544444,149.56,8,2,-0.007058677671011537,174.53036975860596,3.721890777349472,0.0015801457630004734,14,508.38681267301,19.7626953125
448512,164.16393977251428,152.59814638659628,149.56,8,4,-0.009802059037610888,87.26200008392334,3.7015364319086075,0.001626511206268333,14,508.40982980263806,19.7626953125
449536,126.25205051743507,148.33816988863745,149.39,5,5,-0.006620221596676856,264.41180896759033,3.6567828208208084,0.0015167696255957708,14,508.44605260495007,19.7626953125
450560,180.3326307388106,153.6593332613738,149.39,7,4,-0.008571321959607303,203.53746509552002,3.6513437926769257,0.0015893051313469186,14,508.5647121761096,19.7626953125
451584,58.95730455485421,153.63403134925372,149.4,8,6,-0.007247861300129443,122.12912321090698,3.5990435034036636,0.0017169722559629008,14,508.7018957406216,19.7626953125
452608,123.27291797954688,152.24783537947923,149.83,5,2,-0.011515165213495493,88.34838104248047,3.7894038408994675,0.0028549033304443583,14,508.8283549809543,19.7626953125
453632,192.34714821282276,152.72069166100712,149.83,7,2,-0.009916078415699303,191.5271077156067,3.6741530001163483,0.0018771125469356775,14,508.97764678660275,19.7626953125
454656,196.03417969849775,158.31045146024064,149.83,8,10,-0.005343366356100887,385.12968826293945,3.726467713713646,0.0020230417139828205,14,509.08400653967146,19.7626953125
455680,150.54223839292789,157.9540798011284,149.83,8,4,-0.013389488274697214,164.2704906463623,3.7171457558870316,0.002566905604908243,14,509.31992991525954,19.7626953125
456704,111.33444757221872,154.86019356128324,149.83,5,3,-0.00759391242172569,152.75686597824097,3.7119180411100388,0.0012386331800371408,14,509.4377907981176,19.7626953125
457728,126.23027952206964,153.84131179057516,149.83,7,1,-0.010022967238910496,159.35076713562012,3.712530195713043,0.0013526332040783018,14,509.4235943313535,19.7626953125
458752,107.51061531591226,153.31004918236337,149.61,8,6,-0.011479311040602624,179.46411037445068,3.688760071992874,0.0030448114266619086,15,509.4593944584358,19.7626953125
459776,114.79214034503046,154.05148184189676,149.61,5,3,-0.009110685030464083,108.06341505050659,3.6588822305202484,0.001099255881854333,15,509.63786600444854,19.7626953125
460800,105.71728106542776,151.61253104348242,149.61,7,2,-0.010296250926330686,92.4048399925232,3.7195879220962524,0.0022195461933733895,15,509.8453905470662,19.7626953125
461824,23.697533723517623,149.08941262102724,149.61,8,6,-0.004344147513620555,268.7964286804199,3.672764852643013,0.0009002225269796327,15,510.0070398362386,19.7626953125
462848,313.9588791469506,152.66432579972482,149.61,7,6,-0.007778789557050914,180.4083652496338,3.719462677836418,0.0011562402214622125,15,510.20431801174357,19.7626953125
463872,237.88887480810757,153.14227473458885,149.61,6,2,-0.006260330555960536,153.48203659057617,3.6728183925151825,0.0008953338256105781,15,510.3161616940928,19.7626953125
464896,257.3473212503218,152.0007328590608,149.78,7,8,-0.003932178253307939,256.5194454193115,3.603281259536743,0.0006969146925257519,15,510.52165343609926,19.7626953125
465920,72.7777880114543,150.75402629583553,149.76,8,6,-0.004102315870113671,199.750638961792,3.598300725221634,0.00027499828138388693,15,510.7619508611621,19.7626953125
466944,177.65233768977876,153.4194296626768,149.76,5,0,-0.012859380338340998,68.22268605232239,3.681142508983612,0.0017181073199026287,15,510.9460406203066,19.7626953125
467968,120.10239669362758,154.14858291809168,149.76,7,3,-0.01041112036909908,100.73196029663086,3.634736090898514,0.002208978941780515,15,511.16063039911523,19.7626953125
468992,157.5260306685518,152.11658871021436,149.76,8,3,-0.00975940318312496,152.60858964920044,3.5881605744361877,0.002884546251152642,15,511.35640950259017,19.7626953125
470016,156.88198230166992,149.0471169380061,149.76,6,4,-0.012520097196102142,195.19901752471924,3.630874350667,0.0016170170129043981,15,511.5819853566298,19.7626953125
471040,131.4857426352032,147.99952654081505,149.76,6,3,-0.008353095967322588,118.7820816040039,3.583733931183815,0.0016350346122635528,15,511.7162174816204,19.7626953125
472064,176.86696868098295,154.80261365918793,149.76,8,7,-0.008306702715344727,295.38688373565674,3.5510642528533936,0.0012338218657532707,15,511.86552520966063,19.7626953125
473088,250.48841722572624,158.13403206408472,149.76,8,5,-0.015364195103757083,112.40491485595703,3.5367022156715393,0.0027417867386247963,15,512.0444630817057,19.7626953125
474112,166.25734923290813,159.33272646926008,149.98,5,2,-0.014582208474166691,80.06828713417053,3.5511949956417084,0.00386519254243467,15,512.2317245602559,19.7626953125
475136,258.14996062385586,158.79715829361297,149.98,7,3,-0.011116779875010252,164.1198534965515,3.5093425065279007,0.003365044845850207,15,512.1517793807307,19.7626953125
476160,207.4991366828755,163.26651749339308,149.98,8,3,-0.013276297773700207,108.0012149810791,3.495235964655876,0.003418782085645944,15,512.1190672976678,19.7626953125
477184,222.40269147335852,164.40330884462801,149.98,6,3,-0.012940397427883,131.71085405349731,3.5218259543180466,0.0032386899256380275,15,512.3025322900162,19.7626953125
478208,164.76940631967292,164.8913220442933,149.98,6,4,-0.007856510987039655,189.6470432281494,3.42107892036438,0.0014850387815386057,15,512.4595416745134,19.7626953125
479232,234.11582162551906,168.35187760077602,149.98,8,4,-0.004107970162294805,207.69180393218994,3.4457515478134155,0.0010568501893430948,15,512.5685185484973,19.7626953125
480256,116.405434597478,163.66513268226086,150.0,8,7,-0.00705370819196105,170.94278144836426,3.4787155389785767,0.0009499138250248507,15,512.7381669457967,19.7626953125
481280,191.55905138397307,166.24872335201425,150.0,5,3,-0.01529459614539519,126.04575824737549,3.4349542260169983,0.003053286753129214,15,512.9459257644522,19.7626953125
482304,95.33358875603798,166.44001788127022,150.0,7,4,-0.011763798422180116,123.93444967269897,3.3984008729457855,0.0029833026055712253,15,513.1235155308078,19.7626953125
483328,167.9879636658599,166.7679865813303,150.0,8,6,-0.012850870029069483,110.22181558609009,3.4332384914159775,0.003561981051461771,15,513.1540518797882,19.7626953125
484352,109.55162379900426,166.11067590392702,150.0,5,5,-0.011800461914390326,117.15997695922852,3.4143880009651184,0.00459501582372468,15,513.3636869251126,19.7626953125
485376,155.87313784900687,165.92715175623732,150.0,7,3,-0.01383834914304316,105.69852924346924,3.388639137148857,0.003658407920738682,15,513.6196520031549,19.7626953125
486400,171.69091602670787,162.7665533396878,150.0,8,6,-0.00659074867144227,190.90141677856445,3.3363799154758453,0.001825096071115695,15,513.8031573502559,19.7626953125
487424,87.10223703451624,159.1405091438798,150.0,6,3,-0.011535737663507462,106.43110466003418,3.369065836071968,0.0021700754878111184,15,514.0442701521853,19.7626953125
488448,135.336680013395,158.21003080491965,150.0,6,1,-0.011485102178994566,116.01008033752441,3.367645785212517,0.002913248710683547,15,514.2612858999987,19.7626953125
489472,265.3437069305744,159.49783792328986,150.0,8,7,-0.014690404757857323,179.85363292694092,3.36224527657032,0.004271447833161801,15,514.4295142937026,19.7626953125
490496,114.46722656789696,160.01195739536766,150.0,8,6,-0.012734639458358288,143.65546321868896,3.303362026810646,0.0032702837634133175,15,514.543071823736,19.7626953125
491520,115.95252088301471,157.66015282375838,150.0,5,1,-0.012776483781635761,62.00489830970764,3.2404772639274597,0.0024388343008467928,16,514.7093592408768,19.7626953125
492544,84.80995042431765,156.40110850528242,150.0,7,5,-0.009551246941555291,247.01892185211182,3.2409273236989975,0.0031296974484575912,16,514.6849138281935,19.7626953125
493568,166.10462574616056,155.14673302268213,150.0,8,5,-0.016194375464692712,60.48697257041931,3.1929150074720383,0.002778060210403055,16,514.4525486746969,19.7626953125
494592,89.9483034236518,152.56205351394752,150.0,6,2,-0.015556691912934184,95.86193323135376,3.2796499729156494,0.004348745758761652,16,514.5464090547465,19.7626953125
495616,236.2698757054735,153.73130991200068,150.0,6,7,-0.007724624301772565,146.96659564971924,3.2367577850818634,0.0021693594026146457,16,514.7013022184557,19.7626953125
496640,139.14326483256218,153.0564761126855,150.0,8,5,-0.007499693369027227,189.94722080230713,3.22162726521492,0.0012791904882760718,16,514.8083450675109,19.7626953125
497664,190.05115032209036,155.97620185549374,150.0,8,8,-0.009829328279010952,162.76206302642822,3.2200499922037125,0.0029032814054517075,16,514.9591115026209,19.7626953125
498688,90.74217171542661,155.1347653929288,150.0,5,2,-0.010238695773296058,105.95906209945679,3.2974048852920532,0.0025748139596544206,16,515.1382260929128,19.7626953125
499712,143.39487157017024,156.74045479123717,150.0,7,1,-0.008356337086297572,80.83260440826416,3.2826282680034637,0.0011333546717651188,16,515.3398695928909,19.7626953125
500736,117.10681850452632,155.19640372479887,150.0,8,3,-0.010704759566579014,107.15130138397217,3.1636609882116318,0.002121708952472545,16,515.5390682202901,19.7626953125
501760,144.54416445047485,154.41916695206143,150.0,5,3,-0.012001019902527332,70.06443428993225,3.261539861559868,0.00218849114025943,16,515.7144826064232,19.7626953125
502784,182.79574609167747,154.13522126836926,150.0,7,3,-0.006611472403164953,208.78689670562744,3.314548835158348,0.0014121839485596865,16,515.8468552738402,19.7626953125
503808,227.68908007112051,155.87038146467313,150.0,8,7,-0.011761881643906236,158.6578712463379,3.2733505815267563,0.004898899103864096,16,515.7691158974719,19.7626953125
504832,160.07197236506192,156.95200819621283,150.0,7,8,-0.007504909415729344,191.9413013458252,3.3159162402153015,0.0017179508286062628,16,515.7451561578981,19.7626953125
505856,112.22258883806307,158.12470966559422,150.0,5,5,-0.004505123128183186,307.53398609161377,3.289811745285988,0.0005980607966193929,16,515.7142740560911,19.7626953125
506880,227.21347086449876,161.96386875270983,150.0,8,11,-0.013747110846452415,146.12614393234253,3.2523984909057617,0.0031895508873276412,16,515.6191572183274,19.7626953125
507904,97.64839791862883,162.9795642476065,150.0,8,6,-0.007247518457006663,150.01646900177002,3.248324304819107,0.0018293398316018283,16,515.434997920814,19.7626953125
508928,158.60621662646045,164.21360634543495,150.0,5,2,-0.012860229704529047,74.34363651275635,3.312564730644226,0.003214667463907972,16,515.2969572321485,19.7626953125
509952,172.49367275182973,166.00423125189954,150.0,7,5,-0.011985712859313935,99.68480825424194,3.2167652398347855,0.002511124883312732,16,515.1735057263447,19.7626953125
510976,112.84325465283031,162.6860446610138,150.0,8,4,-0.014682616223581135,136.44896411895752,3.203364148736,0.004678928933572024,16,515.0433422888245,19.7626953125
512000,256.51499644176164,163.2828016231488,150.0,6,4,-0.012052576872520149,103.62693309783936,3.2264260053634644,0.0038699337310390547,16,514.9443520603164,19.7626953125
513024,133.58602994738746,161.9364144365852,150.0,6,4,-0.009993651183322072,123.09130001068115,3.2542414516210556,0.0022997726046014577,16,514.8378774275308,19.7626953125
514048,228.34497815745738,162.85278742431237,150.0,8,6,-0.012082097062375396,67.40981721878052,3.2658511698246,0.0040904390916693956,16,514.7625725553213,19.7626953125
515072,96.74564458865554,161.51393108724682,150.0,8,3,-0.009410954429768026,120.3956069946289,3.284470349550247,0.004380571292131208,16,514.7014633283045,19.7626953125
516096,241.814851274799,163.6080462759208,150.0,5,4,-0.008133020251989365,184.99966382980347,3.2578185349702835,0.002175055691623129,16,514.6355359347718,19.7626953125
517120,134.1008370183167,165.22814859140956,150.0,7,5,-0.01152424979954958,73.41297578811646,3.276518166065216,0.0017794169980334118,16,514.6533016700484,19.7626953125
518144,188.9400984957797,167.338413855706,150.0,8,6,-0.007656692527234554,181.14866828918457,3.315704420208931,0.001985322218388319,16,514.7060117751719,19.7626953125
519168,120.22950904826146,167.32879620478798,150.0,5,6,-0.009200345142744482,94.18122100830078,3.297027736902237,0.00206720715505071,16,514.8184960626182,19.7626953125
520192,183.5018246437628,165.73230994791126,150.0,7,4,-0.008288792334496975,139.7329478263855,3.31347918510437,0.001888115715701133,16,514.8959674494049,19.7626953125
521216,288.828004439629,162.51093800906864,150.0,8,9,-0.007422313210554421,203.63518142700195,3.336481526494026,0.0014159565325826406,16,515.0278777306905,19.7626953125
522240,128.4415188249199,161.85884394895956,150.0,7,2,-0.011879393248818815,95.16830921173096,3.367498427629471,0.001893939304864034,16,515.1143638186337,19.7626953125
523264,172.39857226849927,160.98981763944792,150.0,5,3,-0.00782245269510895,119.74760389328003,3.3702847212553024,0.0018430081981932744,16,515.129753226377,19.7626953125
524288,158.15436586766796,162.24092149419678,150.0,8,5,-0.01657292078016326,85.52629518508911,3.342331826686859,0.004853418213315308,17,514.9853862263337,19.7626953125
525312,267.032552691634,166.55197655156437,149.77,8,8,-0.0046697104698978364,351.7544193267822,3.335441142320633,0.0012000932183582336,17,514.9321527621395,19.7626953125
526336,154.40666092703864,165.4066267133248,149.77,6,2,-0.00838460517115891,110.17629194259644,3.362858697772026,0.0010454570583533496,17,514.966512686588,19.7626953125
527360,100.64221767611494,165.1140394591148,149.77,6,3,-0.009227935457602143,118.53986501693726,3.3008925020694733,0.001576242662849836,17,515.0304029890564,19.7626953125
528384,210.4874117392563,165.16225826573805,149.77,8,5,-0.011284137843176723,81.85589170455933,3.2304788678884506,0.002707420862861909,17,515.1177859385152,19.7626953125
529408,234.51765745628344,164.22768883432443,149.77,6,4,-0.007599726668559015,192.25452709197998,3.311719983816147,0.0031885565404081717,17,515.1854769039696,19.7626953125
530432,211.7163017400947,167.35615846341182,149.77,6,5,-0.00879675371106714,103.32766962051392,3.340208500623703,0.0017331518174614757,17,515.2831555730951,19.7626953125
531456,151.47210745780293,168.9922380060083,149.77,8,5,-0.01236049976432696,111.9477186203003,3.2573366165161133,0.0023960409162100405,17,515.4239504780791,19.7626953125
532480,123.17964925536211,170.04052147467348,149.77,8,3,-0.015928578679449856,54.744285345077515,3.321778491139412,0.0049121371121145785,17,515.52865804057,19.7626953125
533504,173.835281904625,170.33653968384323,149.77,6,3,-0.0076608117669820786,175.53462600708008,3.2267311960458755,0.001455903344321996,17,515.4845956747208,19.7626953125
534528,142.56555364302034,172.50559483325574,149.77,6,6,-0.0096388571546413,218.69700813293457,3.263573244214058,0.0021510830119950697,17,515.5492045243503,19.7626953125
535552,205.26150872323498,171.3135193639224,149.77,8,4,-0.013889431022107601,133.52533149719238,3.241007909178734,0.002159326002583839,17,515.6544400091383,19.7626953125
536576,48.12524072661698,170.46803661569993,149.77,6,3,-0.010224853467661887,109.95214700698853,3.3135362565517426,0.0028610894951270893,17,515.7800255196413,19.7626953125
537600,112.7753507568787,169.48887276944387,149.77,6,4,-0.007335179718211293,114.7691593170166,3.404962718486786,0.0011406093544792384,17,515.8221655612316,19.7626953125
538624,154.23514130590087,167.76842369069965,149.77,8,6,-0.010335026745451614,107.55951833724976,3.28850756585598,0.002268718511913903,17,515.8991078351712,19.7626953125
539648,169.13434091661665,167.7474326624101,150.0,7,0,-0.012875936925411224,106.12723016738892,3.307281345129013,0.002626014407724142,17,515.8973575023434,19.7626953125
540672,196.1680409464666,164.8105944154643,150.0,6,5,-0.010975073848385364,146.69985961914062,3.369289755821228,0.001879255723906681,17,515.6982020007805,19.7626953125
541696,209.57554876648862,165.62184033704798,150.0,7,2,-0.01333741145208478,98.18500757217407,3.242781564593315,0.0029612746875500306,17,515.7339221267222,19.7626953125
542720,190.40965855348395,169.95255894156972,150.0,8,5,-0.004169518826529384,397.7771987915039,3.234355926513672,0.0010055734019260854,17,515.8272457501218,19.7626953125
543744,209.90711936856746,169.78971771233722,150.0,6,3,-0.012067734845913947,91.65877056121826,3.344661444425583,0.0016825589118525386,17,515.8431454827783,19.7626953125
544768,188.6957586077853,171.41720097192595,150.0,6,6,-0.008470469329040498,144.6144733428955,3.3357567489147186,0.0017362757062073797,17,515.9644211647415,19.7626953125
545792,233.02161365947094,169.93421007268114,150.0,8,5,-0.01656439492944628,114.80330228805542,3.3029808700084686,0.004301572582335211,17,516.1246073301829,19.7626953125
546816,148.22083255581632,170.09111605264445,150.0,6,2,-0.012634614133276045,99.04148435592651,3.277608707547188,0.002628463538712822,17,516.2313848986897,19.7626953125
547840,174.21099806467484,167.7690149785506,150.0,6,2,-0.009292998438468203,156.44757986068726,3.266836017370224,0.0024710467259865254,17,516.3518829182461,19.7626953125
548864,223.98417658465715,165.90403168691617,150.0,8,6,-0.005630580970318988,95.95237922668457,3.1797922998666763,0.0015730868326500058,17,516.4898311664855,19.7626953125
549888,194.82700518460388,168.87877355453227,150.0,8,6,-0.009188886731863022,222.7430009841919,3.2169454991817474,0.0015200202324194834,17,516.6139248034787,19.7626953125
550912,134.8581301692308,169.56068696950712,150.0,6,4,-0.007384324329905212,139.05262184143066,3.3429042994976044,0.0016334313404513523,17,516.7594964467951,19.7626953125
551936,331.99792628710196,171.09340573534237,150.0,6,4,-0.007703038689214736,185.5469036102295,3.3604711145162582,0.0012704194232355803,17,516.8904037758753,19.7626953125
552960,171.8057097652768,173.24567161533,150.0,8,5,-0.015027110232040286,141.1856575012207,3.264270916581154,0.002648363311891444,17,516.9965507426198,19.7626953125
553984,170.854374337812,173.84632648530146,150.0,6,2,-0.01054817030671984,120.19987726211548,3.355140119791031,0.0012355621438473463,17,516.9492963080754,19.7626953125
555008,187.0500668152682,173.4922685742122,150.0,6,4,-0.011776383966207504,72.90811610221863,3.2241086810827255,0.0025604557304177433,17,516.974195271053,19.7626953125
556032,124.87096981084741,173.3969970868544,150.0,8,1,-0.01146273803897202,99.31344652175903,3.2218655794858932,0.0022839589219074696,17,517.0224380872932,19.7626953125
557056,146.88108477300122,169.90648492052992,150.0,8,1,-0.012928097159601748,104.11159181594849,3.237565815448761,0.002480959039530717,18,516.8519108771517,19.7626953125
558080,97.47789390441439,169.8802803770426,150.0,5,4,-0.007081182789988816,87.74776029586792,3.1936459988355637,0.002192715503042564,18,516.7004292085225,19.7626953125
559104,140.8072736719141,167.49693822796922,150.0,7,3,-0.0064758340595290065,157.57285594940186,3.3255330324172974,0.0010162520629819483,18,516.7662569974522,19.7626953125
560128,146.89670436068104,166.93462173198196,149.69,8,10,-0.010022233705967665,203.63920402526855,3.4635235369205475,0.0019737495749723166,18,516.7951938956209,19.7626953125
561152,145.83288561028021,164.73801638521,149.69,6,6,-0.009895185532514006,173.84521961212158,3.350907862186432,0.0008775372989475727,18,516.8669545918498,19.7626953125
562176,244.57755989309248,167.36473648660964,149.69,7,5,-0.007396432876703329,149.34021520614624,3.274034857749939,0.0007850698166294023,18,516.9004613600058,19.7626953125
563200,217.47018690287422,167.94104258189466,149.69,7,5,-0.009102445445023477,154.94024085998535,3.2978206425905228,0.0016802770551294088,18,516.8906928626905,19.7626953125
564224,68.72720045839334,167.078024481424,149.69,6,3,-0.006199082010425627,106.93700695037842,3.3229674845933914,0.0009358534007333219,18,516.9039723988675,19.7626953125
565248,166.45689601627737,164.4849404840983,149.51,7,5,-0.007930969703011215,205.45097637176514,3.3744328767061234,0.0014591445797123015,18,517.0572416180862,19.7626953125
566272,225.16901126231878,165.8822131654346,149.51,7,5,-0.009976683650165796,136.00606298446655,3.34631410241127,0.002526617143303156,18,517.1064874851966,19.7626953125
567296,113.40967087003887,164.66487055465183,149.51,8,5,-0.016091755067463964,96.78488445281982,3.3595116585493088,0.002819925983203575,18,517.13550533451,19.7626953125
568320,219.9762855282542,163.11888538823246,149.51,6,3,-0.014606019074562937,130.2349328994751,3.3439781963825226,0.0038426932005677372,18,517.0700055632012,19.7626953125
569344,150.59299336788473,164.60484755482767,149.51,7,4,-0.01319055532803759,81.86595129966736,3.279565066099167,0.0024901292636059225,18,517.0397657003183,19.7626953125
570368,168.943917887476,164.33316061166113,149.51,7,3,-0.00875388114945963,116.34386014938354,3.2551218420267105,0.0022292765497695655,18,517.1440773058106,19.7626953125
571392,251.92619234157482,167.25685806181298,149.51,6,5,-0.008343359804712236,118.76286602020264,3.2735529839992523,0.0015836239035706967,18,517.2853484937751,19.7626953125
572416,135.82900804154517,164.86736078763002,149.51,7,1,-0.008652526361402124,97.81430149078369,3.1999832689762115,0.0016849626845214516,18,517.3741165980118,19.7626953125
573440,152.9226242553364,165.25714348763623,149.51,7,5,-0.01329183264169842,120.51621389389038,3.230743557214737,0.0028393175307428464,18,517.4088276064956,19.7626953125
574464,189.98690144915318,165.14359767127,149.82,8,7,-0.01385986665263772,112.7407021522522,3.1798169910907745,0.003257033458794467,18,517.5124585783911,19.7626953125
575488,247.6869846888857,165.5482263196599,149.82,6,2,-0.007903375895693898,168.421537399292,3.173369213938713,0.001336480796453543,18,517.6125315324747,19.7626953125
576512,124.30911314821127,164.63654379585515,149.82,7,5,-0.0083092893473804,212.16710567474365,3.156427323818207,0.0010556624038144946,18,517.7283558272178,19.7626953125
577536,189.62908755540855,163.6863289806987,149.82,7,2,-0.010778067982755601,92.8183822631836,3.158926546573639,0.00242642272496596,18,517.8584913813005,19.7626953125
578560,202.4468239816636,165.17988927558224,149.82,6,7,-0.009180100110825151,143.68056297302246,3.157102048397064,0.0020493813935900107,18,518.0039246722748,19.7626953125
579584,193.82817989050068,167.48967915271314,150.0,7,5,-0.010789198684506118,97.64490342140198,3.1839744299650192,0.002134834387106821,18,518.1152894042813,19.7626953125
580608,140.4477342341908,165.59315922493545,150.0,7,3,-0.008762794430367649,67.59739184379578,3.159720093011856,0.002089556975988671,18,518.2101852539188,19.7626953125
581632,240.8227664459317,163.37899842503512,150.0,7,4,-0.010536533547565341,157.31818008422852,3.190802291035652,0.004777531037689187,18,518.870120614165,19.7626953125
582656,65.14383068877349,161.4207400504896,150.0,6,2,-0.009127649362199008,112.8190712928772,3.181216314435005,0.0020395224273670465,18,519.5254557425454,19.7626953125
583680,179.52952888527017,160.9348948804029,150.0,7,4,-0.012851133942604065,51.66487503051758,3.155188962817192,0.0036042861320311204,18,520.1855133439432,19.7626953125
584704,143.49394171218435,158.92471245712693,150.0,8,2,-0.013387640006840229,105.41713857650757,3.12606044113636,0.005395996689912863,18,520.3875477111587,19.7626953125
585728,198.6190390235707,159.1446467718657,150.0,6,4,-0.013512735604308546,37.4528648853302,3.1833576560020447,0.002222831521066837,18,520.5470702466557,19.7626953125
586752,66.14738020625617,158.07342604579742,150.0,7,2,-0.0014531909255310893,156.98279571533203,3.2294172644615173,0.0019921081548091024,18,520.8214729147691,19.7626953125
587776,195.25673440681064,159.5843461104674,150.0,7,6,-0.018568555708043277,64.77178239822388,3.1987959444522858,0.003101643073023297,18,521.0663260384692,19.7626953125
588800,108.2736173089597,159.6663685423641,150.0,6,1,-0.016476152872201055,136.51725339889526,3.1388059854507446,0.003837353302515112,18,521.3612755903999,19.7626953125
589824,159.36291317080537,162.1127518774152,150.0,7,3,-0.012796713621355593,74.7101936340332,3.082941949367523,0.002580541680799797,19,521.6749849039822,19.7626953125
590848,156.48062629524802,161.9658783248608,150.0,7,4,-0.008300342655275017,110.78622817993164,3.1372814029455185,0.001966837779036723,19,521.9126641188716,19.7626953125
591872,109.43751200521812,160.17345521536424,150.0,8,5,-0.009409079037141055,208.8501796722412,3.21340474486351,0.0019322483276482671,19,522.1481708454577,19.7626953125
592896,172.59578272658194,161.30277943694796,150.0,6,9,-0.006965083885006607,120.97744083404541,3.2710490822792053,0.0010170911118621007,19,522.4091552155679,19.7626953125
593920,99.65456531149073,160.52035340193254,150.0,7,4,-0.008648636750876904,252.76212882995605,3.255511149764061,0.0016010052495403215,19,522.4744297220553,19.7626953125
594944,133.17331874603016,160.9981834462361,150.0,7,2,-0.01088887662626803,82.65197610855103,3.215872570872307,0.0020124112925259396,19,522.3815367481682,19.7626953125
595968,238.86827320382423,160.60180214191453,150.0,6,4,-0.011981954332441092,83.95410680770874,3.2443851977586746,0.0022904133948031813,19,522.4715950197685,19.7626953125
596992,262.6712344390217,163.7042069925578,150.0,7,4,-0.005090607446618378,193.31886863708496,3.2613356709480286,0.001328709491644986,19,522.560925607181,19.7626953125
598016,90.25761293636663,167.85206998627487,150.0,7,5,-0.015756868931930512,61.16001915931702,3.2664824724197388,0.002906764202634804,19,522.6839980696027,19.7626953125
599040,162.6462135371412,169.09034250041339,150.0,7,2,-0.012408729991875589,223.3651351928711,3.2647506296634674,0.004272378937457688,19,522.861204030858,19.7626953125
600064,252.0321065565999,171.58086460217535,150.0,6,7,-0.005316399794537574,191.7867555618286,3.234443038702011,0.000576132777496241,19,522.9653937120302,19.7626953125
601088,167.27461422194298,171.1453274074564,150.0,7,6,-0.006559677014593035,196.94386959075928,3.1868468821048737,0.0009469763317611068,19,523.0234704046255,19.7626953125
602112,143.47682124692952,175.73675228733282,150.0,8,7,-0.009519776504021138,194.91264629364014,3.202003315091133,0.0019635348726296797,19,523.1165835739093,19.7626953125
603136,72.4638634263376,174.77381209252377,150.0,6,4,-0.00757105287630111,95.87813949584961,3.0516277849674225,0.0016010134859243408,19,523.2160471573012,19.7626953125
604160,188.0019530682583,174.06538639321028,150.0,7,3,-0.011179162131156772,129.8674488067627,3.1539499014616013,0.001970857905689627,19,523.3474583809399,19.7626953125
605184,154.23253093003913,174.10595882108845,150.0,7,4,-0.006824454176239669,268.0198097229004,3.1082771867513657,0.0017192022351082414,19,523.4021032442428,19.7626953125
606208,151.02166738098123,175.1295096738201,150.0,6,6,-0.017522698326501995,90.56073188781738,3.2643462419509888,0.005097649831441231,19,523.4688374810628,19.7626953125
607232,149.27365737308,177.405439461707,150.0,7,5,-0.010241852258332074,136.7781720161438,3.0793947130441666,0.0045252332056406885,19,523.5661136734768,19.7626953125
608256,269.6402984796661,176.60915189204925,150.0,7,6,-0.007591766421683133,160.98331260681152,3.1731214821338654,0.0009641695651225746,19,523.6140778530707,19.7626953125
609280,198.4707306777654,176.69832297715485,150.0,8,6,-0.013888415531255305,150.9900279045105,3.155101016163826,0.0035949302109656855,19,523.6074150213877,19.7626953125
610304,115.92747718203509,177.749256267969,150.0,6,3,-0.010308891534805298,105.41994571685791,3.035579487681389,0.0037593960150843486,19,523.6531120692928,19.7626953125
611328,167.99367289543176,177.0842332650285,150.0,7,3,-0.01152149509289302,69.43564224243164,3.046445071697235,0.002276859086123295,19,523.6114027231929,19.7626953125
612352,132.24103016545618,171.43936405867234,150.0,7,3,-0.009410775266587734,131.93610525131226,3.0108633786439896,0.0019416493159951642,19,523.6815672005043,19.7626953125
613376,190.72846327182717,173.4123460440729,150.0,6,2,-0.018233949202112854,66.78216433525085,3.018066108226776,0.005147793170181103,19,523.866519092407,19.7626953125
614400,171.1300881935772,170.8495592985759,150.0,7,2,-0.010521501331822947,78.47352313995361,3.073943331837654,0.0019899067701771855,19,524.060933939423,19.7626953125
615424,236.8342733464166,173.48622694097594,150.0,7,4,-0.010909676377195865,90.66380786895752,2.9572749733924866,0.0030835850920993835,19,524.2605096309737,19.7626953125
616448,161.87407038786841,170.09987985708705,150.0,7,1,-0.009191717952489853,132.87543869018555,3.011814907193184,0.0015335417119786143,19,524.4343711731703,19.7626953125
617472,107.04025509436856,169.13515724133117,150.0,7,4,-0.013013193616643548,74.29269194602966,3.0541493892669678,0.0019596636411733925,19,524.6454930366086,19.7626953125
618496,194.31972449954765,172.9341918615363,149.86,7,8,-0.007721257105004042,159.98290729522705,2.9859612733125687,0.00161933564231731,19,524.7612580883034,19.7626953125
619520,142.1089676988778,173.4219753928388,149.86,7,6,-0.007737644424196333,212.899995803833,2.890208065509796,0.001264831138541922,19,524.8947644606366,19.7626953125
620544,146.45954423708787,172.83957440103396,149.86,6,4,-0.014729764079675078,48.77151322364807,2.8449602872133255,0.0021348924055928364,19,524.8869630911905,19.7626953125
621568,233.03582826882578,171.57873345075498,149.86,7,3,-0.00975988118443638,93.93018627166748,2.8852815330028534,0.003690137848025188,19,524.9527877401728,19.7626953125
622592,150.38687895163926,170.13919407406064,149.86,7,5,-0.013801916735246778,94.30180311203003,2.9464551359415054,0.0038766442012274638,20,524.9402607967293,19.7626953125
623616,187.75531188360557,170.21397451003676,149.86,6,3,-0.013587056542746723,47.7311749458313,2.9147007912397385,0.0031569821876473725,20,524.9334852389693,19.7626953125
624640,375.3760641137201,171.27979595180014,149.86,7,6,-0.006819327245466411,326.2464475631714,2.937779814004898,0.0019140479562338442,20,524.9120353198184,19.7626953125
625664,199.38609641896514,171.24159353450247,149.86,8,2,-0.017282433400396258,41.06463408470154,2.948172941803932,0.004198211419861764,20,524.9421780801939,19.7626953125
626688,143.81438174545775,172.42739217791933,149.86,7,1,-0.01194978877902031,67.11910247802734,2.930588737130165,0.0026278873556293547,20,524.8870640325548,19.7626953125
627712,162.90747001707243,174.28240652394467,149.86,6,1,-0.007423569913953543,183.66951704025269,2.942924365401268,0.002020765474298969,20,524.8866445967691,19.7626953125
628736,172.70360835285305,175.15266864255466,149.86,7,7,-0.008025320712476969,119.52403497695923,2.920988455414772,0.0020696242863778025,20,524.749144499655,19.7626953125
629760,178.068742709834,174.85743188524594,149.86,7,3,-0.0101062236353755,92.08819723129272,2.859636038541794,0.0024246238608611748,20,524.6560505566157,19.7626953125
630784,105.07888684836442,172.13865685367264,149.86,6,0,-0.010021609661635011,101.92993068695068,2.8576982766389847,0.0016035389562603086,20,524.7043049420445,19.7626953125
631808,278.43155308019976,171.39474506450392,149.86,7,4,-0.009724288946017623,289.57480096817017,2.882330134510994,0.001914750930154696,20,524.770784691014,19.7626953125
632832,152.78018243913354,171.2148956828614,149.86,7,4,-0.01094422279857099,105.73169088363647,2.958548828959465,0.0029830171406501904,20,524.7948927415008,19.7626953125
633856,203.98876662798568,171.70230976169958,150.0,8,6,-0.0035493778996169567,185.18358039855957,2.9881826788187027,0.0008820895454846323,20,524.847693700559,19.7626953125
634880,152.05657343203652,169.93103152169664,150.0,6,1,-0.009656283538788557,79.85808563232422,2.8497083336114883,0.0027804570854641497,20,525.007866767935,19.7626953125
635904,174.2145362944707,170.74540372614726,149.93,7,5,-0.01594595710048452,142.07256364822388,2.943427339196205,0.003910196770448238,20,525.1268657175041,19.7626953125
636928,108.37344852964534,171.70546041189024,149.93,7,3,-0.013437391258776188,62.792786598205566,2.937828868627548,0.0020277943840483204,20,525.2284140241547,19.7626953125
637952,176.69255286075366,171.93909770585873,149.93,6,3,-0.0067575142020359635,127.29083204269409,2.9811839759349823,0.0014187837805366144,20,525.2605282796936,19.7626953125
638976,163.85719815427865,173.49200735255494,149.93,7,4,-0.008460213313810527,222.9883852005005,2.873006582260132,0.002948495384771377,20,525.314831295136,19.7626953125
640000,267.4617728338537,174.20305662208528,149.93,7,6,-0.013484419090673327,89.84050965309143,2.9672259390354156,0.0037291301850927994,20,525.3499276265053,19.7626953125
641024,189.86979618694497,176.71996225810474,149.93,6,5,-0.013861597224604338,94.24383163452148,2.9719081223011017,0.004397769953357056,20,525.3556611044945,19.7626953125
642048,197.06988108631077,177.27848942267778,149.93,7,4,-0.00924243644112721,98.73997068405151,3.017307326197624,0.0019144792313454673,20,525.3482750739232,19.7626953125
643072,224.36115748733297,176.41113406881306,149.93,8,6,-0.006771378626581281,142.621479511261,2.9488540589809418,0.0014300212787929922,20,525.2920875947287,19.7626953125
644096,177.77840462068875,177.74495255371923,149.93,7,4,-0.009889094799291342,121.61848831176758,2.9608179330825806,0.001985272843739949,20,525.2835132041372,19.7626953125
645120,167.7176108659611,177.65317194229286,149.93,6,3,-0.010946843423880637,107.16709089279175,2.855634704232216,0.0018893441883847117,20,525.2388265817008,19.7626953125
646144,200.25890107647248,180.98936619810098,149.93,7,3,-0.00972874229773879,64.56600713729858,2.9320566803216934,0.0021394170762505382,20,525.2125780136402,19.7626953125
647168,150.96867811025504,181.05942234524832,149.93,7,4,-0.011451610422227532,81.2453510761261,2.963023006916046,0.003637860805611126,20,525.22229386072,19.7626953125
648192,216.73365349704832,182.79169768747474,149.93,6,3,-0.013111015898175538,70.13951969146729,2.9242161959409714,0.0035176234669052064,20,525.2335731486742,19.7626953125
649216,189.86978704039353,179.84843289207276,149.93,7,4,-0.010557564033661038,114.31829452514648,2.8814717829227448,0.0032345942163374275,20,525.1556822011951,19.7626953125
650240,145.3506222093884,179.2515365187095,150.0,8,3,-0.014743765350431204,46.59747672080994,2.885387286543846,0.00250075756048318,20,525.0317217457776,19.7626953125
651264,175.74830066331305,179.6159712864731,150.0,7,4,-0.01574100728612393,91.99670076370239,2.9323031157255173,0.006052974640624598,20,524.8468641448798,19.7626953125
652288,125.90258157706785,179.45431240686827,150.0,6,3,-0.012369197909720242,140.637845993042,2.8985253423452377,0.003635704008047469,20,524.742510490447,19.7626953125
653312,321.799407654126,180.06307700202035,150.0,7,6,-0.005231174873188138,142.9969391822815,2.9376331120729446,0.002000399195821956,20,524.6333673179697,19.7626953125
654336,178.99634612286897,181.0969583943025,150.0,7,6,-0.011180639790836722,139.71422815322876,2.9378776103258133,0.0016010936087695882,20,524.619691330822,19.7626953125
655360,222.30482689650808,179.19152780722973,150.0,6,7,-0.012430105416569859,87.83721828460693,2.9111694991588593,0.002899705621530302,21,524.7572799822908,19.7626953125
656384,122.89424160793043,177.5279553474538,150.0,7,7,-0.005812855088151991,275.7256088256836,2.811654210090637,0.001179834987851791,21,524.9095456884731,19.7626953125
657408,201.25428743449928,176.95374877602808,150.0,7,3,-0.010708376532420516,125.59222841262817,2.9508435130119324,0.0009961000178009272,21,525.0018805084569,19.7626953125
658432,210.37329374129362,175.02501924273005,150.0,7,5,-0.011194310383871198,46.17802309989929,2.935882955789566,0.0020817784825339913,21,524.9723226180269,19.7626953125
659456,147.88039166242217,174.94510755964254,150.0,6,1,-0.011949619045481086,105.96169900894165,2.8357554525136948,0.003495687065878883,21,524.8505037508903,19.7626953125
660480,188.87989134062929,175.1234580527971,150.0,8,5,-0.01242790138348937,91.30779147148132,2.8872876316308975,0.0023766368540236726,21,524.5705702836649,19.7626953125
661504,181.53372476094486,175.86577329290773,150.0,7,5,-0.007622049539349973,98.30014419555664,2.8768802732229233,0.0027398658712627366,21,524.4637217914402,19.7626953125
662528,150.21886739324322,175.43406634591548,150.0,6,2,-0.00798929634038359,111.06875514984131,2.7408343255519867,0.0016373167600249872,21,524.504904311328,19.7626953125
663552,156.065015527108,174.14816294439942,150.0,7,5,-0.013172239356208593,76.87397742271423,2.861303523182869,0.002591344134998508,21,524.5610929395679,19.7626953125
664576,173.61602623323395,174.38220563368094,150.0,7,3,-0.012869212427176535,73.92260551452637,2.8014356046915054,0.004178183458861895,21,524.6434615988397,19.7626953125
665600,205.792605591995,175.01746756925945,150.0,6,6,-0.006227767560631037,149.05144262313843,2.849588707089424,0.0014177782722981647,21,524.7212649303791,19.7626953125
666624,195.425979969922,175.53731074768845,150.0,7,1,-0.00886084430385381,54.27298307418823,2.679318130016327,0.0021053297678008676,21,524.7075242341542,19.7626953125
667648,200.18051840453649,175.7423722844652,150.0,8,2,-0.01086071931058541,107.9897346496582,2.6497644633054733,0.003910549436113797,21,524.7375570435431,19.7626953125
668672,126.38079175749903,173.41263156989487,150.0,7,4,-0.012705675791949034,80.52315044403076,2.8026676326990128,0.003698978223837912,21,524.7932539123019,19.7626953125
669696,247.66461088271902,173.9376997477496,150.0,6,4,-0.008520699921064079,139.036696434021,2.7360633462667465,0.001709369636955671,21,524.8278340555643,19.7626953125
670720,193.84979493354018,172.46964384563285,150.0,7,3,-0.01232509413966909,50.32030153274536,2.709645628929138,0.001926888624439016,21,524.8115042207088,19.7626953125
671744,198.0864851508942,172.81210127042138,150.0,7,4,-0.010303102375473827,138.88833856582642,2.7724669575691223,0.0017164369492093101,21,524.8375647566307,19.7626953125
672768,199.59478998825637,173.4295818140689,150.0,6,9,-0.014000904571730644,126.170578956604,2.920760214328766,0.0024385651777265593,21,524.8196971721928,19.7626953125
673792,303.71630032206684,176.19299969450924,150.0,7,4,-0.011737635475583375,97.88647651672363,2.7949349731206894,0.002559118205681443,21,524.8477655217195,19.7626953125
674816,134.0257355081201,176.29100198649394,149.95,8,4,-0.010169562767259777,137.75529050827026,2.6818515956401825,0.001422777379048057,21,524.8757729860706,19.7626953125
675840,236.02165512015017,174.90155136854344,149.95,6,3,-0.011611968744546175,108.6758918762207,2.8026953488588333,0.002787814737530425,21,524.8590867104641,19.7626953125
676864,311.35680023363113,176.92106970639222,149.79,6,5,-0.009340698830783367,125.37653684616089,2.839163601398468,0.0011141577415401116,21,524.8316725254563,19.7626953125
677888,181.24654133617892,177.56562305742813,149.79,8,3,-0.012884382042102516,89.57296085357666,2.745479926466942,0.0031463291525142267,21,524.8819836767889,19.7626953125
678912,208.33742620577925,179.96708981172958,149.79,7,2,-0.011940553784370422,35.789700508117676,2.7474303543567657,0.0024982715403893963,21,524.9119796388552,19.7626953125
679936,228.3031528105717,184.33126151013036,149.76,6,6,-0.005298374628182501,192.4018497467041,2.766740396618843,0.0027387648297008127,21,524.9365462058156,19.7626953125
680960,193.2729919251218,181.17302509721824,149.76,7,4,-0.008652400691062212,68.94353556632996,2.783538833260536,0.0018186503584729508,21,524.8971189641281,19.7626953125
681984,149.48307172292868,181.8667955243149,149.76,8,2,-0.007415242725983262,102.66065263748169,2.595474362373352,0.0015547466318821535,21,524.9132645241095,19.7626953125
683008,130.8574501331735,181.69618137871012,149.76,5,1,-0.012959529121872038,61.03059148788452,2.7120369225740433,0.0029896384075982496,21,524.9561729158793,19.7626953125
684032,219.64962460969235,183.60066869678838,149.76,7,6,-0.017428797378670424,89.53496742248535,2.773290142416954,0.004554303261102177,21,524.9142504665493,19.7626953125
685056,170.24756869849477,183.33037045513282,149.76,8,3,-0.007133267121389508,56.18445110321045,2.48069129884243,0.0011572051589610055,21,524.930525438501,19.7626953125
686080,282.0004509936857,184.422883390444,149.76,7,5,-0.009991421306040138,170.93537139892578,2.5976188331842422,0.002804720599669963,21,524.9147344592575,19.7626953125
687104,126.88654956014287,181.87434191965872,149.76,6,0,-0.007853777322452515,84.06851148605347,2.532466784119606,0.0021732904424425215,21,524.9783987736248,19.7626953125
688128,201.2428016445884,181.42420121809354,149.76,7,1,-0.012265561381354928,101.23731708526611,2.7156038135290146,0.0025899737811414525,22,524.9865953224703,19.7626953125
689152,278.9353968702096,181.256465855116,149.76,8,8,-0.008337722159922123,168.2579221725464,2.8105269372463226,0.0011164105671923608,22,524.9502528925907,19.7626953125
690176,352.9146903884218,184.82770781444958,149.81,5,8,-0.007735610008239746,342.2772331237793,2.610454246401787,0.0015627394459443167,22,524.914495914238,19.7626953125
691200,162.3357296304861,185.96591273772867,149.81,7,6,-0.007761874934658408,97.69353103637695,2.60857430100441,0.0011145259777549654,22,524.8433715837507,19.7626953125
692224,219.97393984444778,184.00981078932145,149.97,8,5,-0.008973526186309755,46.6236412525177,2.619779407978058,0.0016647376032778993,22,524.7646737038272,19.7626953125
693248,152.39064229752725,185.06345653388686,149.97,6,2,-0.014695272780954838,74.07525372505188,2.5908414721488953,0.0033934391976799816,22,524.6777287097577,19.7626953125
694272,227.0220438966693,185.05636573208827,150.0,7,6,-0.008492057619150728,167.03355598449707,2.7424029856920242,0.0019766105979215354,22,524.700033232563,19.7626953125
695296,149.18950072162522,183.35317971048778,150.0,7,4,-0.013445406570099294,77.61400508880615,2.6826407313346863,0.002480855691828765,22,524.8659764890302,19.7626953125
696320,236.57289147454793,183.58084862838396,150.0,7,8,-0.007863772276323289,138.96557474136353,2.668189689517021,0.0029535725916502997,22,525.0781176651955,19.7626953125
697344,149.69842762230377,182.0277159877387,150.0,6,3,-0.009823358326684684,172.39748668670654,2.5619598776102066,0.0027895548555534333,22,525.2882592483967,19.7626953125
698368,166.21639483986132,184.26875835912978,150.0,7,4,-0.018363108567427844,42.98477244377136,2.5746972113847733,0.003784625747357495,22,525.5036963083511,19.7626953125
699392,173.577171272234,184.03713704128342,150.0,8,3,-0.00641887413803488,104.35176801681519,2.6069347262382507,0.003634964130469598,22,525.713257097342,19.7626953125
700416,150.5233461531043,183.5657926339709,150.0,6,4,-0.014590593054890633,69.67448711395264,2.696532592177391,0.004281433153664693,22,525.9261553693904,19.7626953125
701440,256.87317039772233,183.2792756697194,150.0,6,3,-0.016872552048880607,112.81598854064941,2.595555931329727,0.00818286907451693,22,526.1357596178842,19.7626953125
702464,164.94538306415754,189.89665874419566,150.0,8,8,-0.003388049080967903,258.3489179611206,2.6205449402332306,0.002244688817881979,22,526.310376765853,19.7626953125
703488,166.0040970686825,189.4144865468334,150.0,7,6,-0.012642921879887581,87.83452486991882,2.5746783763170242,0.003847404950647615,22,526.4588596545725,19.7626953125
704512,192.44009377992023,188.64997404911577,150.0,6,4,-0.0070758272195234895,101.68514776229858,2.348202809691429,0.0030874451767886057,22,526.5646458901133,19.7626953125
705536,148.23598209220899,184.79618966982656,150.0,7,4,-0.009471557452343404,167.11637258529663,2.468774661421776,0.0026903564430540428,22,527.1125795676423,19.7626953125
706560,174.62013240156952,184.77938411866967,150.0,8,8,-0.011377669696230441,98.10253524780273,2.5838772505521774,0.003362887116963975,22,527.6654718235325,19.7626953125
707584,179.84419244829905,183.96856927717093,150.0,5,2,-0.009317234565969557,143.10375213623047,2.5926620066165924,0.0015114781854208559,22,528.2139231033844,19.7626953125
708608,237.9238446824253,184.97371740433107,150.0,7,9,-0.011734408442862332,66.45557832717896,2.6534600257873535,0.0015313623880501837,22,528.4582091847866,19.7626953125
709632,107.74500525712811,184.1715958768968,150.0,8,5,-0.011893087677890435,114.03345680236816,2.449751168489456,0.002536209867685102,22,528.5141802385842,19.7626953125
710656,273.476984865979,186.31547087517058,150.0,7,8,-0.006698321725707501,130.2350549697876,2.6177004873752594,0.0017243809852516279,22,528.6062591267374,19.7626953125
711680,172.97377960510227,187.94624109473915,150.0,6,2,-0.009191564633511007,156.83338165283203,2.6877496987581253,0.001552247878862545,22,528.6184236677811,19.7626953125
712704,91.18386261857583,186.79275405687736,150.0,7,5,-0.0076576764695346355,118.89184522628784,2.2878598868846893,0.0023527704761363566,22,528.5619381254932,19.7626953125
713728,139.41526955502204,186.82471409241228,150.0,7,3,-0.01150501985102892,100.3443660736084,2.5998607873916626,0.0042769376741489395,22,528.6369368335422,19.7626953125
714752,240.2291370756203,186.43606181761143,149.72,7,7,-0.009418380330316722,142.4410719871521,2.650253802537918,0.0017427411366952583,22,529.179925600594,19.7626953125
715776,242.97800125853482,187.78171486185659,149.72,6,6,-0.01130512251984328,93.02084159851074,2.5383026748895645,0.0027584842027863488,22,529.7234865957292,19.7626953125
716800,208.65269091796657,185.21812089063704,149.72,8,5,-0.01725764520233497,69.90253615379333,2.6292721033096313,0.004271945173968561,22,530.2646225233691,19.7626953125
717824,198.91714690848386,185.3348058873661,149.72,7,6,-0.010328943491913378,116.35137844085693,2.7215664982795715,0.0032295652345055714,22,530.4795139627577,19.7626953125
718848,137.4953478282887,184.98301641073667,149.72,5,1,-0.014482997648883611,78.30585527420044,2.51225209236145,0.0034499609464546666,22,530.5483119528199,19.7626953125
719872,155.57372445898253,185.37194249753952,149.72,8,1,-0.013868943904526532,33.92301630973816,2.3020143061876297,0.0059453970461618155,22,530.7119623642573,19.7626953125
720896,166.06572226752434,186.12942955097722,149.72,7,2,-0.005518041085451841,57.13184928894043,2.333620846271515,0.0030110182415228337,23,530.7753520208704,19.7626953125
721920,205.25458919665124,186.53719758456893,149.72,6,4,-0.010595473984722048,120.35095882415771,2.677471473813057,0.0022728809562977403,23,530.8642620800897,19.7626953125
722944,289.43058598278003,189.08884840283565,149.72,7,8,-0.0111937765032053,185.00688362121582,2.4394464939832687,0.0020214460673741996,23,530.9400428311146,19.7626953125
723968,230.93303890382018,188.8276626128618,149.72,8,5,-0.01279785280348733,97.2105667591095,2.57195982336998,0.002877531573176384,23,531.0327849917625,19.7626953125
724992,168.32170232094882,188.50696973142362,149.72,6,1,-0.012082745088264346,38.60347592830658,2.6308139711618423,0.003024640929652378,23,531.1926731663045,19.7626953125
726016,159.5374476051852,186.57781396254282,149.72,6,1,-0.018533544382080436,26.835146069526672,2.5644306540489197,0.005699603570974432,23,531.405961215977,19.7626953125
727040,206.64537448668884,187.29243221368205,149.72,8,4,-0.009230918600223958,93.46045255661011,2.4947480261325836,0.002593438475742005,23,531.6102673092819,19.7626953125
728064,161.78419193517755,187.2937953996026,149.72,7,3,-0.012591794948093593,98.43709516525269,2.698565751314163,0.002543320195400156,23,531.7999548643859,19.7626953125
729088,221.14815218374167,188.295910780161,149.72,6,3,-0.007344930141698569,98.82454776763916,2.625213712453842,0.0015197929897112772,23,532.0049489574125,19.7626953125
730112,221.81149739111308,189.87149667701007,150.0,7,8,-0.01267659175209701,96.98464727401733,2.767742156982422,0.0021951834351057187,23,532.2348476278055,19.7626953125
731136,241.2630490431321,188.12831882056534,150.0,8,8,-0.015342556493123993,130.261323928833,2.755017325282097,0.005069466729764827,23,532.4172870748175,19.7626953125
732160,115.60054651826788,186.5460252220819,150.0,6,2,-0.007409275916870683,59.1983163356781,2.722348377108574,0.002819339686539024,23,532.620086287563,19.7626953125
733184,252.03789177747566,185.4425350972099,150.0,6,3,-0.011233740427996963,92.83706140518188,2.6169567853212357,0.0035223588929511607,23,532.8126491560909,19.7626953125
734208,201.49705549081744,185.54716978829813,149.96,8,2,-0.015451745712198317,106.33369970321655,2.633519694209099,0.0030790959135629237,23,532.8450096251934,19.7626953125
735232,208.0150492104154,185.86715680233735,149.96,7,5,-0.011558823345694691,93.40453100204468,2.775245562195778,0.0026253414107486606,23,532.9167815303566,19.7626953125
736256,181.98398028246106,187.41346831432682,149.96,5,5,-0.008004369912669063,157.16297054290771,2.6964156329631805,0.0010369381780037656,23,533.1017540132256,19.7626953125
737280,237.5488436834727,185.8784023249562,149.96,8,5,-0.01000674581155181,173.73018836975098,2.762838751077652,0.0020016338967252523,23,533.2865633610436,19.7626953125
738304,158.17478702515393,183.96352323876027,149.96,7,6,-0.010348308074753731,85.2467679977417,2.6660327911376953,0.0012198716285638511,23,533.4357022232753,19.7626953125
739328,207.80028587085758,186.4125781776234,149.96,7,7,-0.005031441454775631,271.0280237197876,2.688236430287361,0.000928815352381207,23,533.6340864772126,19.7626953125
740352,137.45374090307115,185.97829029806152,149.96,6,4,-0.01588852412533015,117.09747695922852,2.7523761093616486,0.0045645615755347535,23,533.8403373643024,19.7626953125
741376,212.1933542755477,187.3345843694979,149.96,8,8,-0.012382406857796013,106.49386644363403,2.6854815930128098,0.0037570888525806367,23,534.0644202222962,19.7626953125
742400,148.4120823394995,187.7331531793282,149.96,6,2,-0.010769984102807939,86.43385076522827,2.755497470498085,0.0027507622144185007,23,534.217989535499,19.7626953125
743424,166.80328091088217,188.2441366146429,149.96,6,2,-0.009063616336788982,154.60077667236328,2.6570932865142822,0.0023560427507618442,23,534.2832721414984,19.7626953125
744448,207.8127015445464,190.77245774375058,149.96,8,6,-0.007013735361397266,143.69599390029907,2.6588372886180878,0.0010435587028041482,23,534.5056895632633,19.7626953125
745472,238.32431854295123,193.44810315523432,149.96,7,7,-0.008971267263405025,189.87875080108643,2.785863757133484,0.0010066771210404113,23,534.6925797025997,19.7626953125
746496,152.29120163679488,193.1495936942054,149.96,6,2,-0.009648341307183728,108.33800411224365,2.6106383353471756,0.0020887909340672195,23,534.8501805663312,19.7626953125
747520,159.2158303076808,194.4489638771335,149.96,7,2,-0.013734939624555409,64.18302512168884,2.7749667167663574,0.002896934762247838,23,535.0629655604749,19.7626953125
748544,173.47725747087605,195.83497501191786,149.96,8,6,-0.007556302647572011,167.8990797996521,2.821008786559105,0.001636752625927329,23,535.2998534113872,19.7626953125
749568,214.18082976960002,195.94869188706926,150.0,6,3,-0.012052590493112803,104.57329559326172,2.79707795381546,0.0031502656202064827,23,535.5068612041649,19.7626953125
750592,170.17217443289826,197.27609358373655,150.0,6,5,-0.008424943778663874,195.99872493743896,2.8056917637586594,0.0015713890170445666,23,535.6828404563537,19.7626953125
751616,198.62247199992785,197.38012635298696,150.0,8,4,-0.01251954206964001,55.089831590652466,2.7473690807819366,0.002721641110838391,23,535.852443702132,19.7626953125
752640,152.12564048136258,197.93617266212667,150.0,7,4,-0.005289030843414366,204.29586219787598,2.8608886748552322,0.0013903625222155824,23,535.9881370790192,19.7626953125
753664,215.25400307197944,202.4730439267154,150.0,5,11,-0.011883472674526274,287.2046537399292,2.8285799771547318,0.0018271136505063623,24,536.1477790893306,19.7626953125
754688,81.6180262389552,199.28571475517546,150.0,8,3,-0.012123702326789498,127.55034112930298,2.7243489623069763,0.002394404204096645,24,536.1719193370644,19.7626953125
755712,159.7690303232359,199.9626536273954,150.0,7,4,-0.011460100417025387,71.34100461006165,2.8466396778821945,0.002533823062549345,24,536.1811537528503,19.7626953125
756736,133.9974124421489,198.9298133785352,150.0,7,2,-0.014610557700507343,62.621665716171265,2.7551415860652924,0.003183716529747471,24,536.3298804363044,19.7626953125
757760,235.7092371045328,199.9750123423844,150.0,6,2,-0.008724347339011729,81.72759127616882,2.6474705785512924,0.0024977850553113967,24,536.4593433206107,19.7626953125
758784,136.45033152014375,196.69316708663067,149.92,8,3,-0.009924989892169833,167.47275352478027,2.7165706902742386,0.0022972286824369803,24,536.654726370551,19.7626953125
759808,131.9518045709673,194.88865683033865,149.92,6,3,-0.014333369879750535,72.68436312675476,2.7186584919691086,0.0032141558185685426,24,536.8236499674379,19.7626953125
760832,227.83794037563663,190.49780405372007,149.92,6,3,-0.013689144107047468,68.93938493728638,2.825421020388603,0.0034546081005828455,24,536.9929071335337,19.7626953125
761856,169.58026807311467,191.77821587978025,149.92,8,3,-0.011221793480217457,86.91480302810669,2.72160542011261,0.0052824856247752905,24,537.164656561055,19.7626953125
762880,189.63880328461542,191.67250810942352,149.92,7,4,-0.008756911614909768,150.7437539100647,2.7970335632562637,0.0019373821414774284,24,537.3373163202534,19.7626953125
763904,80.44723430230583,190.7802577842149,149.92,6,5,-0.011380128271412104,100.6001763343811,2.76449416577816,0.0021308484574547037,24,537.4226054715792,19.7626953125
764928,181.7262403200505,191.9053877917103,149.92,7,3,-0.015158195048570633,113.39995527267456,2.6617347300052643,0.003706846327986568,24,537.6045346402735,19.7626953125
765952,175.79975015802887,191.1749605981289,149.92,8,8,-0.009916315437294543,148.40792608261108,2.7828766107559204,0.002627195426612161,24,537.7717496177414,19.7626953125
766976,184.87917073020037,192.20624767759017,149.92,6,4,-0.009889195411233231,110.56090641021729,2.8110897541046143,0.0014021116949152201,24,537.9500351010339,19.7626953125
768000,229.07991645453598,191.07935636561325,149.92,6,4,-0.011129126301966608,74.19489073753357,2.6953674405813217,0.0019620504608610645,24,538.1279650093828,19.7626953125
769024,185.32882410858022,188.59362810804453,149.92,8,4,-0.010821060044690967,78.8880820274353,2.623030424118042,0.0031474814313696697,24,538.2769378367441,19.7626953125
770048,108.68939885280088,188.43191425805634,149.92,7,3,-0.013753823935985565,91.374587059021,2.775559574365616,0.005316000315360725,24,538.2161590898183,19.7626953125
771072,129.5031742369921,189.9969744586464,149.92,6,4,-0.01441149809397757,81.77436113357544,2.876252755522728,0.003225174135877751,24,538.0752607245806,19.7626953125
772096,190.21654742507747,189.04895583565397,149.92,7,7,-0.015414873196277767,59.50461959838867,2.742428630590439,0.0027240967901889235,24,537.7367517174279,19.7626953125
773120,196.9222784019037,192.9259021342323,149.76,8,6,-0.008347727125510573,210.45868015289307,2.7580058872699738,0.00170159139088355,24,537.5341700288091,19.7626953125
774144,190.0166172309662,194.09771800359104,149.76,6,4,-0.01030136039480567,127.75726556777954,2.8236455470323563,0.0016617645305814222,24,537.4478314623882,19.7626953125
775168,185.81195335517776,194.1452184498795,149.76,6,3,-0.006769573548808694,101.69317960739136,2.7351719439029694,0.0008837984933052212,24,537.4619538077011,19.7626953125
776192,123.75728734467299,197.32250046243627,149.76,8,10,-0.004473118897294626,239.61068534851074,2.7898070216178894,0.0007125694974092767,24,537.4408962133232,19.7626953125
777216,209.2370547511334,199.4799474623,149.76,7,6,-0.012014410574920475,131.6795949935913,2.756165951490402,0.001703156653093174,24,537.4416786193597,19.7626953125
778240,276.20305936745075,198.3497500395492,149.76,6,6,-0.0068470698315650225,202.68424797058105,2.7931498140096664,0.001335314242169261,24,537.4308602369846,19.7626953125
779264,221.82852730655486,202.31049728682518,149.76,7,5,-0.010342445515561849,213.73890495300293,2.7590898275375366,0.0007595528295496479,24,537.4132164470727,19.7626953125
780288,156.54995220211862,199.09322898039434,149.76,7,2,-0.008829920727293938,81.06472659111023,2.7865338921546936,0.0012607005191966891,24,537.3529593126663,19.7626953125
781312,246.51932506305778,198.5807500635913,149.76,6,1,-0.007001757447142154,180.8577585220337,2.7012463361024857,0.0011720279144356027,24,537.3688893986638,19.7626953125
782336,193.89316040224054,198.9636531696221,149.76,7,6,-0.011269742855802178,58.870726346969604,2.735881805419922,0.002929773851064965,24,537.2904358571229,19.7626953125
783360,219.76876675960352,197.84413842020842,149.76,8,3,-0.005343722412362695,273.678186416626,2.790305495262146,0.0009159163892036304,24,537.3050455155194,19.7626953125
784384,234.19282896141357,197.80622366240328,149.76,6,7,-0.010064212081488222,105.47520732879639,2.745352119207382,0.0014830773579888046,24,537.2343460269219,19.7626953125
785408,233.167578955343,200.12788253382337,149.76,7,5,-0.008726386004127562,139.5432357788086,2.639176368713379,0.0026022543461294845,24,537.1427543135477,19.7626953125
786432,254.92970511093748,203.06365489911002,149.76,7,10,-0.009267445304431021,215.82947492599487,2.6696237325668335,0.0018728474096860737,25,537.051562640039,19.7626953125
787456,141.3168865455072,202.76666257228783,149.76,7,3,-0.010319070075638592,80.42966985702515,2.5752282589673996,0.0023854319733800367,25,536.9312266128717,19.7626953125
788480,204.5585812143719,200.78975037550387,150.0,6,3,-0.014295528293587267,78.34860467910767,2.578484445810318,0.0033486192405689508,25,536.8711715659648,19.7626953125
789504,145.43467906285906,202.45554945362815,150.0,7,7,-0.013556688209064305,164.31166982650757,2.6231311559677124,0.0037338294059736654,25,536.8145680467322,19.7626953125
790528,184.93395164192697,203.4408501561202,150.0,8,5,-0.008146368840243667,88.28165531158447,2.6035535782575607,0.0015126580401556566,25,536.8221150666361,19.7626953125
791552,171.31007601345857,199.26884350016346,150.0,6,3,-0.009925416554324329,123.0593032836914,2.5773154348134995,0.0030341978126671165,25,536.8754464304752,19.7626953125
792576,130.97160144674254,198.17902008447592,150.0,7,3,-0.006226118770428002,198.79742908477783,2.435780882835388,0.0012696301855612546,25,536.9203561043643,19.7626953125
793600,160.54335644978505,199.658884750329,150.0,7,6,-0.008364284411072731,139.1088261604309,2.5561426877975464,0.001196076365886256,25,536.918501262459,19.7626953125
794624,237.33178780163132,200.76340387233822,150.0,7,7,-0.01391943683847785,63.37015223503113,2.696345955133438,0.0026355888549005613,25,536.9810107907784,19.7626953125
795648,189.00064136500131,205.65710219305626,150.0,6,7,-0.005237675009993836,334.1302013397217,2.4522078037261963,0.0020748878741869703,25,536.9856311111253,19.7626953125
796672,171.34291737528514,203.9285891553593,150.0,7,3,-0.00915276794694364,81.83998489379883,2.391746237874031,0.0019105025858152658,25,536.9969112137846,19.7626953125
797696,219.7310715850931,205.73598400726604,150.0,7,4,-0.011471575009636581,76.04144859313965,2.3441354036331177,0.002883762586861849,25,537.0039770420085,19.7626953125
798720,180.6232026640814,205.49147111018075,150.0,6,3,-0.01005861337762326,51.33835697174072,2.3463614732027054,0.003811253234744072,25,537.0545136272162,19.7626953125
799744,138.62499239433433,203.82460809787162,150.0,7,3,-0.011460787849500775,110.97311687469482,2.2540316581726074,0.003598273455281742,25,537.0779392069566,19.7626953125
800768,193.61855496731826,201.661289172529,150.0,8,4,-0.012915457133203745,128.10707998275757,2.3221585303545,0.00553597355610691,25,537.1425024789435,19.7626953125
801792,185.45344171021958,199.62825179810653,149.89,7,3,-0.01016709627583623,163.59717273712158,2.290951058268547,0.0020523577550193295,25,537.165958781214,19.7626953125
802816,137.22662799405956,201.1136914556476,149.89,6,4,-0.0074481803458184,206.08520936965942,2.3420996218919754,0.0011150755890412256,25,537.2099394054876,19.7626953125
803840,117.65417905843475,202.64874942443083,149.89,7,8,-0.010764797683805227,106.0268611907959,2.3263577222824097,0.0022009523527231067,25,537.2709790064799,19.7626953125
804864,112.59329393672922,199.00349664881466,149.89,7,2,-0.01408238202566281,71.4417519569397,2.271950423717499,0.003118337524938397,25,537.1664115996678,19.7626953125
805888,182.16308155727148,199.83483447401264,149.89,6,3,-0.010265163145959377,145.03381967544556,2.3569842875003815,0.003415167098864913,25,536.9613685186504,19.7626953125
806912,236.16666138388416,199.37976166492865,149.89,7,4,-0.00964877160731703,78.82891821861267,2.2981759160757065,0.002010159514611587,25,536.9221538575852,19.7626953125
807936,213.5050179276617,201.90629188677397,149.89,8,9,-0.0046308161690831184,196.50828552246094,2.4503380358219147,0.001546952800708823,25,536.7940096013184,19.7626953125
808960,159.98675623902477,199.9035736980317,149.89,6,2,-0.009855364158283919,99.64538335800171,2.3927590996026993,0.0026864362880587578,25,536.7205258652813,19.7626953125
809984,224.76127005935385,201.23356000026268,149.89,7,9,-0.005418581538833678,143.5790719985962,2.597719579935074,0.002152498214854859,25,536.6474009977507,19.7626953125
811008,144.46405987561423,198.6415817970669,149.89,7,4,-0.009807782073039562,133.02635860443115,2.4940469563007355,0.0020250164379831403,25,536.6221678784235,19.7626953125
812032,145.7220750718177,198.54575892370133,149.89,7,4,-0.015381043776869774,56.273141622543335,2.593207359313965,0.004753166693262756,25,536.5875536204802,19.7626953125
813056,196.68509140429316,199.04103059216584,149.89,6,4,-0.003260796016547829,246.04897785186768,2.561748519539833,0.0028034439601469785,25,536.4647908339938,19.7626953125
814080,170.74255516101502,202.19437279067068,149.89,7,6,-0.006089720351155847,170.51028490066528,2.5165384262800217,0.0017142248980235308,25,536.5227710481312,19.7626953125
815104,202.32993431782617,202.22716213412863,149.89,8,3,-0.004618358798325062,152.1184802055359,2.5835795551538467,0.000825375464046374,25,536.5673639207554,19.7626953125
816128,191.58237838701405,201.0713490616008,149.89,6,4,-0.008403378305956721,104.04728078842163,2.528367757797241,0.0013441751070786268,25,536.6276145608701,19.7626953125
817152,164.62474511047927,201.6352662082767,150.0,6,6,-0.009357912291307002,94.80117106437683,2.5396477729082108,0.0021478683629538864,25,536.6444862745213,19.7626953125
818176,143.3654139881835,199.4813328372646,150.0,8,3,-0.007438881671987474,98.23011779785156,2.501124322414398,0.0013201944530010223,25,536.6473888797967,19.7626953125
819200,208.3392163927144,200.1095099988411,150.0,7,4,-0.014436925121117383,77.00086641311646,2.5119208097457886,0.004549762976239435,26,536.6704821481073,19.7626953125
820224,197.87434295973068,199.97270660681022,150.0,6,2,-0.014740293729119003,58.38107776641846,2.5032204687595367,0.004512703701038845,26,536.5169427923535,19.7626953125
821248,212.8064427238445,200.94053085961264,150.0,7,4,-0.007238305464852601,124.51293611526489,2.4283336848020554,0.0015440880815731362,26,536.4906222449954,19.7626953125
822272,115.68169242485419,202.104556665383,150.0,7,9,-0.005088677920866758,307.3628120422363,2.5543263405561447,0.0016824403428472579,26,536.4206146843509,19.7626953125
823296,182.7503244048229,200.66674658199997,150.0,6,5,-0.009641365148127079,113.91743516921997,2.596780076622963,0.0007540526130469516,26,536.3982427989534,19.7626953125
824320,354.2781093205116,202.19308675474807,150.0,7,7,-0.007103318581357598,284.031307220459,2.5087200105190277,0.0017399718781234697,26,536.4003532503483,19.7626953125
825344,266.78556234708225,200.7145502791537,150.0,8,6,-0.00830366980517283,123.51525688171387,2.403670012950897,0.0015267459384631366,26,536.4001760017375,19.7626953125
826368,207.76007793059853,200.8548498769265,150.0,7,2,-0.017106130253523588,92.56339836120605,2.588248237967491,0.0036192723928252235,26,536.4658758344356,19.7626953125
827392,192.4911038892913,202.2624095155881,150.0,6,5,-0.010608525073621422,80.25370192527771,2.506600707769394,0.0033967038616538048,26,536.5118917000434,19.7626953125
828416,189.5285513027857,198.50381171130303,150.0,7,8,-0.011650376953184605,126.44266414642334,2.617411822080612,0.002058463083812967,26,536.6193941280482,19.7626953125
829440,256.42445214496007,200.25574276854107,150.0,7,6,-0.014240713557228446,124.05446243286133,2.5111180543899536,0.0023177573893917724,26,536.6943995761019,19.7626953125
830464,168.62918733418317,202.99647617958783,150.0,6,5,-0.00999518041498959,102.9007158279419,2.6322507113218307,0.0015652357833459973,26,536.8261205429733,19.7626953125
831488,192.17284269384743,205.8731302080056,150.0,7,6,-0.007670099730603397,126.04273843765259,2.4906835556030273,0.0016884955257410184,26,536.995780645554,19.7626953125
832512,177.57891586411606,203.45959780645114,150.0,8,5,-0.014799858763581142,69.67702674865723,2.593169793486595,0.0036359368677949533,26,537.1746544344778,19.7626953125
833536,163.46209389118138,202.85514475281227,150.0,6,4,-0.012685063644312322,43.44068503379822,2.618796467781067,0.0035397734318394214,26,537.346028129602,19.7626953125
834560,189.50275201991053,203.48704560828867,150.0,6,1,-0.011159870075061917,85.1944055557251,2.6048238575458527,0.0023555202642455697,26,537.513944180747,19.7626953125
835584,140.24289862704697,205.45262496963346,150.0,8,8,-0.00806674238992855,150.26939010620117,2.5238680839538574,0.0016024213400669396,26,537.6573224095456,19.7626953125
836608,261.76898487583236,206.52083953187966,150.0,7,6,-0.013601669576019049,78.10224485397339,2.5484469532966614,0.0019280374108348042,26,537.8086511933495,19.7626953125
837632,210.26730456373312,206.01769139504643,150.0,6,6,-0.01276493992190808,110.72844457626343,2.4920265525579453,0.002393279515672475,26,537.8697624789976,19.7626953125
838656,238.46542628692583,208.79692058491287,150.0,7,6,-0.010716079268604517,117.5803074836731,2.56621216237545,0.003461939180851914,26,537.8769089627397,19.7626953125
839680,231.79306640022082,207.04245574939512,150.0,7,4,-0.00979726028162986,97.28229999542236,2.636381685733795,0.001759589184075594,26,537.9601803794905,19.7626953125
840704,215.6821261579984,205.19021872804785,150.0,6,4,-0.00464380020275712,131.9571590423584,2.581145614385605,0.0006560198089573532,26,538.1168204162673,19.7626953125
841728,182.41454646302302,205.72145777771362,150.0,7,5,-0.014645265182480216,72.14253497123718,2.583277612924576,0.002926548069808632,26,538.2782972517255,19.7626953125
842752,208.08344552942938,204.46403191355256,150.0,8,5,-0.011353751295246184,129.7476668357849,2.5227749049663544,0.004340173225500621,26,538.3849398783648,19.7626953125
843776,154.27460203417422,203.864215954757,150.0,7,4,-0.011607179534621537,78.64689302444458,2.6907538324594498,0.0015979205927578732,26,538.4899766308197,19.7626953125
844800,177.84028769815748,201.91017332012714,150.0,6,6,-0.009940229472704232,72.56790661811829,2.5905090123414993,0.0025867994263535365,26,538.6237461620815,19.7626953125
845824,150.12734343277575,198.32590336903633,150.0,7,6,-0.006457462441176176,209.65511322021484,2.668799266219139,0.0032919736113399267,26,538.7636023492768,19.7626953125
846848,168.57491529994536,198.3413240884668,150.0,7,7,-0.008664720924571157,91.10841345787048,2.519394427537918,0.001053243046044372,26,538.8991831242524,19.7626953125
847872,274.672814063549,201.5086548769298,150.0,6,10,-0.005144092836417258,266.5710868835449,2.6280211806297302,0.0009239519131369889,26,539.0464690922797,19.7626953125
848896,203.26399571750295,203.04012138437665,150.0,7,9,-0.011957400536630303,170.6171417236328,2.652828425168991,0.001868369959993288,26,539.2034994631097,19.7626953125
849920,202.47884685512992,205.5783435954868,150.0,8,7,-0.019251805846579373,49.8825409412384,2.6950647979974747,0.0035849878913722932,26,539.2742884633883,19.7626953125
850944,176.44430947816414,205.4490204176769,150.0,6,4,-0.012291020015254617,60.321813106536865,2.6524601727724075,0.0025804570759646595,26,539.3123534958441,19.7626953125
851968,206.6621990885101,203.4086232273977,150.0,6,2,-0.014707219903357327,70.48558163642883,2.6497564017772675,0.0030995901906862855,27,539.7672557954389,19.7626953125
852992,175.5338824493811,200.88541202328645,150.0,8,6,-0.019346902379766107,33.18572175502777,2.603392854332924,0.005415967738372274,27,540.2281314925718,19.7626953125
854016,216.53818816772645,199.41864537134515,150.0,7,7,-0.005102930299472064,153.74975967407227,2.5360362827777863,0.001703127971268259,27,540.6892797354199,19.7626953125
855040,178.49100411719377,200.4188028207816,150.0,6,5,-0.01056933926884085,132.8166618347168,2.6138473004102707,0.0021233941079117358,27,540.8569524435269,19.7626953125
856064,195.51351779929345,199.90919205357858,150.0,7,2,-0.017279414576478302,40.69790840148926,2.5767382234334946,0.004897678649285808,27,540.9363376632931,19.7626953125
857088,259.89671550528857,202.96941857248012,150.0,7,8,-0.009309636196121573,142.4618124961853,2.6862057894468307,0.0024555984855396673,27,541.0054114851235,19.7626953125
858112,167.7408130320916,202.35084388422374,150.0,6,4,-0.014960495929699391,54.92672514915466,2.6353342086076736,0.002761065261438489,27,541.087412261769,19.7626953125
859136,157.76093599092474,204.96871880738524,150.0,7,7,-0.0034784928429871798,191.20092105865479,2.6105827242136,0.002637228913954459,27,541.0862977966431,19.7626953125
860160,226.32467432311458,207.6685241294455,150.0,8,6,-0.011641568271443248,54.355629682540894,2.6036278903484344,0.0015495935222133994,27,541.0312845186029,19.7626953125
861184,229.5720795999727,207.8496993038825,150.0,7,5,-0.00886312173679471,92.51555156707764,2.6225233674049377,0.0017296687001362443,27,541.1109406628549,19.7626953125
862208,233.5689572651911,211.63881818955252,150.0,6,9,-0.004780769231729209,325.35685634613037,2.518298089504242,0.0009780809778021649,27,541.1540275106636,19.7626953125
863232,204.6497374554207,207.71947813085436,150.0,7,6,-0.012679266277700663,81.53228640556335,2.727422595024109,0.0018038452108157799,27,541.2322017702317,19.7626953125
864256,268.4578444324698,207.52932341254066,150.0,7,4,-0.015968936844728887,122.11576461791992,2.6385343819856644,0.004423104066518135,27,541.2867012934267,19.7626953125
865280,221.38914014272748,207.3336454668765,150.0,6,7,-0.012884782976470888,73.59763765335083,2.596829265356064,0.0024215642624767497,27,541.3591448566987,19.7626953125
866304,214.1124127154766,210.13467373492972,150.0,7,6,-0.014758173318114132,97.57778787612915,2.63000924885273,0.002753549430053681,27,541.4364061143094,19.7626953125
867328,283.73386298142606,211.60808519277663,150.0,8,9,-0.007032536552287638,132.90535163879395,2.7015687376260757,0.000897230944246985,27,541.8841749128936,19.7626953125
868352,198.40528500327952,212.63179195883873,150.0,6,3,-0.014466251886915416,101.23837518692017,2.639045923948288,0.0034486019576434046,27,542.3343999365741,19.7626953125
869376,112.67194670659075,213.68223614921217,150.0,7,6,-0.009715155698359013,133.35820293426514,2.678675100207329,0.0013407401711447164,27,542.7882356589191,19.7626953125
870400,175.43582808163222,211.79102129130192,150.0,7,2,-0.008091065275948495,130.24781847000122,2.614907070994377,0.0015012944932095706,27,542.9496543241951,19.7626953125
871424,219.74611387194506,210.1679753621924,150.0,7,5,-0.009795047517400235,160.10043144226074,2.647645279765129,0.0014686411304865032,27,543.0430287002084,19.7626953125
872448,194.43660569668793,212.31131633250888,150.0,6,6,-0.008608918753452599,133.78250360488892,2.5551632940769196,0.0020636927511077374,27,543.195981562363,19.7626953125
873472,179.24139031541114,212.89143013502243,150.0,7,4,-0.009400194976478815,89.09187936782837,2.5954772979021072,0.0019836585997836664,27,543.3404088213754,19.7626953125
874496,173.32117328202872,211.16653931544886,150.0,7,6,-0.010070309392176569,180.65933799743652,2.641941875219345,0.0013464214280247688,27,543.4531806749251,19.7626953125
875520,214.99594684330697,209.21382283197582,150.0,6,3,-0.014914311817847192,44.179107666015625,2.641373574733734,0.0025897206796798855,27,543.5994871096254,19.7626953125
876544,196.0473551876197,209.61921147264925,149.95,7,5,-0.017229043995030224,85.9158685207367,2.587399572134018,0.0021248711709631607,27,543.791343717796,19.7626953125
877568,125.84301246029715,204.67716306388357,149.95,8,2,-0.009963698917999864,107.93576526641846,2.5707849860191345,0.0018717280618147925,27,543.9412155544023,19.7626953125
878592,164.83172265927777,206.445665055848,149.95,7,4,-0.014867290505208075,100.26011753082275,2.682094782590866,0.0020111685880692676,27,544.0680072802428,19.7626953125
879616,169.2895027314843,205.40560027462487,149.95,6,4,-0.010850835125893354,69.145432472229,2.656259298324585,0.0023150353954406455,27,544.1730567502468,19.7626953125
880640,158.1702381819488,202.76551009477657,149.95,7,4,-0.0059498840710148215,161.4192032814026,2.564537838101387,0.0017111883498728275,27,544.2228534682158,19.7626953125
881664,189.97914420139554,204.5440617923818,149.95,7,8,-0.004808891622815281,188.72615242004395,2.6207104921340942,0.0006502886826638132,27,544.2565429563482,19.7626953125
882688,242.8540630142328,204.62653398047806,149.95,6,9,-0.016511217050720006,68.24331140518188,2.4588115513324738,0.0034488279634388164,27,544.3549084851918,19.7626953125
883712,205.54071446553542,204.64363735277004,149.95,7,7,-0.008983104140497744,94.98835515975952,2.673196241259575,0.0016678992396919057,27,544.4666540886542,19.7626953125
884736,153.83114750080816,206.8379213630685,149.95,8,5,-0.007219595951028168,266.9898557662964,2.718369349837303,0.001702620938885957,28,544.6106044365692,19.7626953125
885760,264.66220260100533,211.68980583482153,149.95,7,10,-0.00887779874028638,150.76242065429688,2.6130415946245193,0.0013813890691380948,28,544.7402738465461,19.7626953125
886784,210.82601404641986,207.2703261694124,149.95,6,5,-0.00857968011405319,150.88950157165527,2.568440392613411,0.0014242017641663551,28,544.9184135759712,19.7626953125
887808,340.47693436762063,209.0298899842658,149.95,7,11,-0.007947665057145059,175.63047075271606,2.607295900583267,0.0013217097002780065,28,545.0874165638627,19.7626953125
888832,163.45405834504706,208.5139192986953,149.95,7,3,-0.012027661956381053,53.9756977558136,2.6705422550439835,0.0021927768975729123,28,545.2333596923822,19.7626953125
889856,202.39621698702496,208.9838368177234,149.95,6,2,-0.008128291461616755,214.44499397277832,2.6237212270498276,0.0016498877957928926,28,545.4030585962007,19.7626953125
890880,157.63399798063529,211.31440512531367,150.0,7,7,-0.010042429668828845,156.69056129455566,2.7011552304029465,0.0010475531162228435,28,545.563373937206,19.7626953125
891904,242.69896336405225,214.6262846207685,150.0,8,9,-0.008594990824349225,234.14031887054443,2.7475553452968597,0.0015856676909606904,28,545.7196250106779,19.7626953125
892928,200.048259082368,215.3939987146492,150.0,6,4,-0.010717448662035167,106.73164224624634,2.6693322509527206,0.001609816259588115,28,545.8311093855567,19.7626953125
893952,196.27211570811033,215.64594908540283,150.0,6,3,-0.009599944693036377,91.09683752059937,2.6897170692682266,0.002692177164135501,28,545.9631566299167,19.7626953125
894976,194.87071231077456,215.95273008053218,150.0,8,4,-0.007929630228318274,138.44011545181274,2.6923078149557114,0.0006184179510455579,28,546.1163209309825,19.7626953125
896000,59.58856934179822,212.68996528696545,150.0,7,1,-0.007532865623943508,83.72965049743652,2.7164211571216583,0.0011341160134179518,28,546.299560772609,19.7626953125
897024,302.9539866283858,210.36259547384216,149.89,6,3,-0.007514934579376131,231.6920509338379,2.657022073864937,0.0009026253101183102,28,546.4405137120259,19.7626953125
898048,183.42211344878268,207.74577308584358,149.89,7,3,-0.011955013207625598,57.890273094177246,2.632020026445389,0.0020673265389632434,28,546.598484679857,19.7626953125
899072,255.2335709516448,209.18951812849926,149.89,7,5,-0.021230865095276386,54.96427536010742,2.6576004922389984,0.005257128403172828,28,546.7248115683872,19.7626953125
900096,148.31576324780687,207.1624061861767,149.89,6,4,-0.005365826189517975,175.25328731536865,2.644274115562439,0.002515447515179403,28,546.8675535215349,19.7626953125
901120,198.0420871799348,204.83929062375122,149.89,7,5,-0.009006063337437809,178.06595039367676,2.624765068292618,0.002407946449238807,28,546.8189020635924,19.7626953125
902144,213.2894675742026,206.4495300810876,149.89,8,5,-0.015076423587743193,65.57112431526184,2.5410174876451492,0.0035962670954177156,28,546.7928819498253,19.7626953125
903168,335.42634059052955,207.19839382202713,149.89,7,10,-0.006290265126153827,319.5156192779541,2.6914803236722946,0.0011208915821043774,28,546.9283678882927,19.7626953125
904192,300.47927208921703,208.9993087559846,149.89,6,5,-0.012871776474639773,147.07746696472168,2.624523237347603,0.0020410061842994764,28,547.0339439493301,19.7626953125
905216,209.50067718248508,208.81972897230963,149.89,7,5,-0.007845712825655937,114.12998294830322,2.6552091240882874,0.0013018428871873766,28,547.1566365686439,19.7626953125
906240,215.32127100941938,208.09987050040294,149.89,7,2,-0.011836353165563196,59.48424410820007,2.7668516486883163,0.0022158602805575356,28,547.2728604887552,19.7626953125
907264,274.62333706725894,205.80067513057284,149.89,6,2,-0.013399026123806834,77.93979501724243,2.6071690917015076,0.0032917273201746866,28,547.3896056749849,19.7626953125
908288,171.671275857755,204.8954817162886,149.89,7,3,-0.009941342985257506,149.96493768692017,2.643139585852623,0.001804446685127914,28,547.5750818888531,19.7626953125
909312,200.39292184490253,208.69774890435522,149.89,8,7,-0.010235713561996818,103.74255514144897,2.704470321536064,0.0016497069300385192,28,547.7243074712893,19.7626953125
910336,230.74651424363276,210.49412073460107,149.89,7,5,-0.015609643654897809,80.94946074485779,2.6889678835868835,0.004599942287313752,28,547.8706885677158,19.7626953125
911360,142.72778411434734,212.22753037518206,149.89,5,3,-0.008690213202498853,119.50843286514282,2.661023572087288,0.0014963388384785503,28,548.0004577355169,19.7626953125
912384,228.463058327009,212.90712733396896,150.0,8,9,-0.003407996438909322,161.99006748199463,2.713330328464508,0.0009081016323762015,28,548.1313469900128,19.7626953125
913408,249.247062872215,215.0506681151838,150.0,7,7,-0.013586784771177918,73.45108366012573,2.724258780479431,0.0018623781943460926,28,548.2763498444638,19.7626953125
914432,185.19892404634996,214.95622686877778,150.0,6,4,-0.012358567153569311,82.45441031455994,2.688398912549019,0.002436481401673518,28,548.3693391290262,19.7626953125
915456,213.05419165666174,215.7025988370437,150.0,7,6,-0.010503472061827779,103.52424669265747,2.709074780344963,0.0022191731113707647,28,548.5253616773474,19.7626953125
916480,173.67954416279903,213.37107728992157,150.0,7,2,-0.007658392074517906,47.201669692993164,2.6697336584329605,0.0014108473405940458,28,548.6345411158237,19.7626953125
917504,133.63861995180682,211.38765606158458,149.93,7,4,-0.008343761903233826,251.81053733825684,2.7410572320222855,0.001350621008896269,29,548.7586884491525,19.7626953125
918528,190.82509834967246,211.85462423608416,149.93,6,6,-0.009517795406281948,78.41880536079407,2.716080605983734,0.0017213315441040322,29,548.9118163483803,19.7626953125
919552,184.61409393874985,213.15928827070064,149.93,8,6,-0.01447766413912177,105.59075593948364,2.7107501477003098,0.0019040469196625054,29,549.0625928807287,19.7626953125
920576,302.6529073985861,214.4677042064578,149.93,7,6,-0.009740634501213208,151.58699798583984,2.660126179456711,0.0018417930114082992,29,549.1995852623799,19.7626953125
921600,187.0416756389909,213.85860470012005,149.93,6,3,-0.013357437681406736,81.29543542861938,2.6340335309505463,0.002844286835170351,29,549.191913146255,19.7626953125
922624,172.08285773713965,212.0164840241075,149.93,7,2,-0.009100803756155074,125.506844997406,2.64436237514019,0.0014815322501817718,29,549.1450676466155,19.7626953125
923648,192.50683928054337,210.77024514032186,149.93,7,3,-0.007733978738542646,80.00328588485718,2.6832758486270905,0.0013187105651013553,29,549.2574272191302,19.7626953125
924672,155.05739781516417,209.36215583613787,149.93,6,2,-0.010089111572597176,135.29548454284668,2.581143945455551,0.00149610846710857,29,549.4250879254338,19.7626953125
925696,158.97588095830008,208.2456440639944,149.93,7,2,-0.011648137093288824,59.77470803260803,2.5684348940849304,0.0024852554633980617,29,549.5762153984995,19.7626953125
926720,195.24472520361158,211.26029354739538,149.93,8,10,-0.004854599013924599,299.67910861968994,2.6436244398355484,0.0013271287025418133,29,549.7230743971377,19.7626953125
927744,205.88249474649945,209.78161745911356,149.93,7,8,-0.010071034368593246,145.9578881263733,2.6184845864772797,0.0014682849432574585,29,549.8660920566989,19.7626953125
928768,191.20288123436634,208.80912288795116,149.93,6,4,-0.012217018287628889,84.86093616485596,2.5455101132392883,0.00261720985872671,29,549.9354300122286,19.7626953125
929792,205.41028489187067,207.51752564428773,149.89,7,4,-0.009144773939624429,212.83155155181885,2.5223885774612427,0.0019514760497258976,29,550.0539431474485,19.7626953125
930816,209.44032898985836,209.2081640719015,149.89,7,6,-0.004700011224485934,127.39549589157104,2.3840543925762177,0.0015060300938785076,29,550.1835199803703,19.7626953125
931840,176.7103404736392,210.49707942175425,149.96,6,4,-0.007078557275235653,74.05186176300049,2.4322036653757095,0.001613627580809407,29,550.3572787256447,19.7626953125
932864,221.43178865023623,212.2730310783429,149.96,7,6,-0.013237570528872311,102.82165670394897,2.389044776558876,0.0032816255989018828,29,550.4646174598396,19.7626953125
933888,171.97452007907074,212.11730968250714,149.96,7,6,-0.01574557033018209,73.85490894317627,2.450958266854286,0.004490813022130169,29,550.4762043509442,19.7626953125
934912,177.3413997325981,210.44744304386512,149.96,8,5,-0.009486532886512578,74.07124257087708,2.3967445641756058,0.0017249800148420036,29,550.5314546186125,19.7626953125
935936,186.7965167370504,209.8969550439082,149.96,5,4,-0.009831877250690013,73.52659726142883,2.4772026240825653,0.0026774775906233117,29,550.9543282151842,19.7626953125
936960,286.2603549816363,212.05752617417411,149.96,8,6,-0.0057218692963942885,142.91252946853638,2.5233531296253204,0.0015596344455843791,29,551.3791674756751,19.7626953125
937984,162.15178541051156,213.47788730965078,149.96,7,3,-0.008831834478769451,106.72349452972412,2.521066978573799,0.003098880290053785,29,551.807101630984,19.7626953125
939008,178.6375972365964,216.03374611627206,149.96,6,5,-0.01280310214497149,91.85936212539673,2.4664224088191986,0.002354070878936909,29,551.955781885385,19.7626953125
940032,181.77223822779487,214.96322766905448,149.96,7,5,-0.010888968943618238,64.28633713722229,2.5059346556663513,0.0036008898896398023,29,552.0003149493597,19.7626953125
941056,206.2730012238334,215.76987388227164,149.96,7,7,-0.007613611989654601,100.42636919021606,2.4895690232515335,0.0014493645721813664,29,552.0388073074064,19.7626953125
942080,279.4922361138718,214.99403688169537,149.96,6,6,-0.005448915355373174,198.21162605285645,2.488514006137848,0.0010860230977414176,29,552.0687365903715,19.7626953125
943104,388.6709851137566,219.17814962799122,149.96,7,14,-0.005803933250717819,435.3081588745117,2.513150677084923,0.0012424202432157472,29,552.0426196134355,19.7626953125
944128,236.17212465139846,219.33401146296674,149.96,8,9,-0.01251705049071461,97.54049229621887,2.4107642769813538,0.002364927582675591,29,552.0022782324961,19.7626953125
945152,175.07918265828576,217.99188656596482,150.0,7,6,-0.006457800744101405,243.7479124069214,2.539684921503067,0.0013323414605110884,29,552.0663090668832,19.7626953125
946176,368.2247045145406,221.9298816839216,150.0,6,9,-0.006063738168450072,221.72525691986084,2.480573147535324,0.0006094801792642102,29,552.4847746460154,19.7626953125
947200,334.4066897423696,221.81534396636414,150.0,7,8,-0.00484641594812274,238.41099643707275,2.5417939573526382,0.0008713938586879522,29,552.9056954698872,19.7626953125
948224,191.30265219744476,222.1952883367852,150.0,7,5,-0.013112392101902515,67.5541181564331,2.4556400775909424,0.0019490986742312089,29,553.3253587959504,19.7626953125
949248,210.5046289944455,223.02156992705116,150.0,6,6,-0.012545761885121465,147.2852053642273,2.5621480643749237,0.0022503419022541493,29,553.437880262618,19.7626953125
950272,235.14683635597666,224.27268342227504,150.0,7,4,-0.009237253456376493,157.88536310195923,2.503331735730171,0.0027681958163157105,30,553.4712549128759,19.7626953125
951296,224.89164438859567,222.36071998796535,150.0,7,8,-0.012224318401422352,96.57442808151245,2.4879245311021805,0.0032466779375681654,30,553.4567027681621,19.7626953125
952320,192.15903859475415,219.00987240043278,150.0,8,5,-0.010955125151667744,182.45761108398438,2.63595649600029,0.0017932299087988213,30,553.496392958008,19.7626953125
953344,195.05328963204587,219.46352025867432,150.0,5,1,-0.010851091821677983,100.61259746551514,2.4736541360616684,0.0026320075849071145,30,553.9012840651416,19.7626953125
954368,239.39607807028173,221.94908516635988,149.45,8,10,-0.011100594536401331,265.04796409606934,2.5236362516880035,0.0030007471359567717,30,554.3189540639476,19.7626953125
955392,171.15070625361403,224.0221447251379,149.01,7,5,-0.013304034131579101,219.2857666015625,2.5847175270318985,0.002848056814400479,30,554.7397507475881,19.7626953125
956416,219.68592100941967,224.94879295649483,149.01,7,8,-0.008476697083096951,107.34088087081909,2.6235399395227432,0.00148902133514639,30,554.8273026949613,19.7626953125
957440,232.9676382145807,221.52709052838662,149.01,7,3,-0.00997044169344008,61.39756751060486,2.6078344583511353,0.00230973307043314,30,554.9227723840896,19.7626953125
958464,182.68439208243225,216.40510975017685,149.01,6,1,-0.01918335456866771,97.89638900756836,2.5835147947072983,0.00554415921214968,30,555.0280946985823,19.7626953125
959488,222.64296583508192,218.61341690376761,149.01,7,7,-0.018253046553581953,61.924110412597656,2.658032149076462,0.005229267102549784,30,555.1383722566264,19.7626953125
960512,321.7092400047431,217.09568012805693,149.01,8,11,-0.0049126987578347325,240.62125492095947,2.478427916765213,0.0027039602282457054,30,555.2749450915679,19.7626953125
961536,240.47624466064522,216.0895908675611,149.01,6,3,-0.010935795318800956,97.50218296051025,2.686890736222267,0.0014443684340221807,30,555.3983472219589,19.7626953125
962560,471.46301630408203,216.78303503775587,149.01,7,6,-0.007103773532435298,210.2488718032837,2.6072488129138947,0.0016368696669815108,30,555.5298223568979,19.7626953125
963584,276.7900891564135,218.83638097751447,149.01,7,9,-0.006804403034038842,206.23265838623047,2.6219193935394287,0.0007980559457791969,30,555.6438541889787,19.7626953125
964608,188.12031339189943,218.82229513709575,149.01,7,5,-0.016567104728892446,123.39579677581787,2.6657843440771103,0.003947620250983164,30,555.7573458635488,19.7626953125
965632,174.15585571613127,216.76805460537093,149.01,6,3,-0.0077105084783397615,102.02012777328491,2.6593431532382965,0.0011574913805816323,30,555.7823876933371,19.7626953125
966656,222.8660410851244,216.0463664208994,149.01,7,2,-0.016922716167755425,74.93093156814575,2.624009147286415,0.0048241111217066646,30,555.7573854210026,19.7626953125
967680,276.5217480677224,216.6550027925198,149.01,8,5,-0.0055663593229837716,155.13916778564453,2.5848990380764008,0.0012319082452449948,30,555.7926182306595,19.7626953125
968704,244.35622794652474,216.03735693968022,149.0,6,6,-0.0032670756336301565,234.20244121551514,2.6736931800842285,0.000795458588982001,30,555.8286662490183,19.7626953125
969728,217.39757062941825,215.57273080242402,149.55,7,6,-0.01179345534183085,128.62097263336182,2.6824090629816055,0.00171996648714412,30,555.9501239229505,19.7626953125
970752,205.12349492462536,212.12628068216486,149.99,7,4,-0.0092850502114743,80.1789059638977,2.6513445377349854,0.0016748708294471726,30,556.0418852989022,19.7626953125
971776,197.901264731327,212.97476650673184,149.99,6,1,-0.017126253951573744,51.64280557632446,2.6990652829408646,0.004530034158960916,30,556.1225766539969,19.7626953125
972800,199.6591120082403,214.13942716698276,149.99,7,6,-0.008035517297685146,119.71760129928589,2.6744643449783325,0.0023267153737833723,30,556.2627849610765,19.7626953125
973824,193.62271461939557,215.54092758766225,149.99,7,8,-0.009565954096615314,197.88464546203613,2.753016158938408,0.0035987943556392565,30,556.3707102878146,19.7626953125
974848,246.50017057185926,217.45960020165032,149.99,7,4,-0.00943816953804344,103.09164190292358,2.65815107524395,0.0013185994466766715,30,556.4781397759741,19.7626953125
975872,214.94845643064593,214.67734181436288,149.99,6,4,-0.009975859662517905,134.64084386825562,2.684552386403084,0.001367668664897792,30,556.6327570057147,19.7626953125
976896,217.19567655431857,215.53957036919613,149.99,7,9,-0.01350619102595374,116.90092039108276,2.685267060995102,0.0036073364317417145,30,556.777175472287,19.7626953125
977920,288.7312454491691,212.399266359683,149.99,8,8,-0.006508782040327787,262.9275598526001,2.729563981294632,0.0010187734733335674,30,556.9174796775562,19.7626953125
978944,388.2082525781301,213.202990055232,149.99,6,10,-0.007890214677900076,359.47885513305664,2.718937858939171,0.0011524017463671044,30,557.0112874034875,19.7626953125
979968,249.46711998344614,213.4673085638841,149.99,7,4,-0.008001075126230717,191.95579385757446,2.634357914328575,0.001508291665231809,30,557.1485318932506,19.7626953125
980992,239.63903586089083,217.3817639175829,149.99,7,8,-0.013250626565422863,133.81955194473267,2.6904933005571365,0.0030700057541253045,30,557.2819828877524,19.7626953125
982016,247.99152285430756,218.88455272513286,149.99,7,6,-0.00953017850406468,136.6818733215332,2.740848273038864,0.0021174734574742615,30,557.3761607184566,19.7626953125
983040,294.5431715488434,221.23478772434754,149.99,6,4,-0.006980169913731515,171.27498769760132,2.7260947227478027,0.0017695478163659573,31,557.4792462193858,19.7626953125
984064,203.64561567779504,220.73575145265343,150.0,7,8,-0.009552350966259837,94.86928796768188,2.7158165723085403,0.0024132388789439574,31,557.572258821044,19.7626953125
985088,196.0298181080787,219.500842032728,149.91,8,4,-0.008092002593912184,161.17646074295044,2.6984735131263733,0.0009183351503452286,31,557.6595010857807,19.7626953125
986112,161.37429605469788,219.1546021739227,149.91,6,4,-0.009165534283965826,174.5785255432129,2.7290014028549194,0.0019535478932084516,31,557.6008681891075,19.7626953125
987136,207.7806800921977,222.43549422511825,149.89,7,10,-0.009417722700163722,261.71324157714844,2.7503774762153625,0.001887003192678094,31,557.582266252851,19.7626953125
988160,276.6974543458255,223.2636876651254,149.89,7,9,-0.0069548499304801226,172.97138500213623,2.7121710926294327,0.0010092540906043723,31,557.6765771746714,19.7626953125
989184,221.71202909969554,222.94669546002908,149.89,6,5,-0.0145330656087026,61.027066707611084,2.8008360266685486,0.002671509559149854,31,557.809231495835,19.7626953125
990208,168.25577251729797,223.08724468546666,149.89,7,5,-0.011775589606259018,156.5598382949829,2.7213587909936905,0.0034063932253047824,31,557.9446636865364,19.7626953125
991232,275.32039248980533,221.43796897147035,149.89,7,6,-0.008869635639712214,262.07861137390137,2.812827557325363,0.0009962000622181222,31,558.0566398104475,19.7626953125
992256,119.85310865109393,219.35731661176126,149.89,7,7,-0.009858981822617352,232.1155595779419,2.7551526874303818,0.0017535979568492621,31,558.1687133488588,19.7626953125
993280,109.83763336039604,216.41549702271755,149.89,6,4,-0.014410182309802622,109.55384397506714,2.7571142613887787,0.0032911361631704494,31,558.2954885348569,19.7626953125
994304,160.62664029237075,212.32600692205762,149.8,8,6,-0.007718773791566491,159.16567945480347,2.781512975692749,0.0018611328850965947,31,558.4478726472325,19.7626953125
995328,173.1810936289557,209.86702224636633,149.8,7,5,-0.009922554017975926,146.7704997062683,2.796705901622772,0.0018542421457823366,31,558.5266872338359,19.7626953125
996352,190.68900564593142,208.1346716613398,149.8,6,3,-0.015571784984786063,42.848753929138184,2.8309897035360336,0.0031241752731148154,31,558.6537081466312,19.7626953125
997376,217.6778964986867,208.3634233804395,149.75,7,3,-0.011207032017409801,143.00872421264648,2.78676475584507,0.002318623024621047,31,558.7029612432997,19.7626953125
998400,184.53888213484683,208.31057973723222,149.75,7,7,-0.012692171847447753,186.98210906982422,2.78778412938118,0.002387019994785078,31,558.6844060927039,19.7626953125
999424,242.20051879937088,208.73057079460241,149.75,7,6,-0.013030288566369563,113.81647157669067,2.769268438220024,0.0027225157828070223,31,558.6674931696992,19.7626953125
1000000,131.9950412837548,208.99032649348646,149.84,4,3,-0.014631457005937895,255.10555521647134,2.6486547191937766,0.0008329561678692698,32,558.6298208097902,19.7626953125
